Onderwerp,Perioden,Totalen,Region
Bbp marktprijzen in mln euro,1995,12795,Groningen (PV)
Bbp marktprijzen in mln euro,1995,329547,Nederland
Bbp marktprijzen in mln euro,1995,7450,Drenthe (PV)
Bbp marktprijzen in mln euro,1995,9164,Fryslân (PV)
Bbp marktprijzen in mln euro,1996,13950,Groningen (PV)
Bbp marktprijzen in mln euro,1996,344625,Nederland
Bbp marktprijzen in mln euro,1996,7828,Drenthe (PV)
Bbp marktprijzen in mln euro,1996,9589,Fryslân (PV)
Bbp marktprijzen in mln euro,1997,10064,Fryslân (PV)
Bbp marktprijzen in mln euro,1997,14679,Groningen (PV)
Bbp marktprijzen in mln euro,1997,369046,Nederland
Bbp marktprijzen in mln euro,1997,8242,Drenthe (PV)
Bbp marktprijzen in mln euro,1998,10796,Fryslân (PV)
Bbp marktprijzen in mln euro,1998,14861,Groningen (PV)
Bbp marktprijzen in mln euro,1998,394295,Nederland
Bbp marktprijzen in mln euro,1998,8681,Drenthe (PV)
Bbp marktprijzen in mln euro,1999,11382,Fryslân (PV)
Bbp marktprijzen in mln euro,1999,15158,Groningen (PV)
Bbp marktprijzen in mln euro,1999,419459,Nederland
Bbp marktprijzen in mln euro,1999,9055,Drenthe (PV)
Bbp marktprijzen in mln euro,2000,12266,Fryslân (PV)
Bbp marktprijzen in mln euro,2000,17108,Groningen (PV)
Bbp marktprijzen in mln euro,2000,452007,Nederland
Bbp marktprijzen in mln euro,2000,9719,Drenthe (PV)
Bbp marktprijzen in mln euro,2001,10506,Drenthe (PV)
Bbp marktprijzen in mln euro,2001,13249,Fryslân (PV)
Bbp marktprijzen in mln euro,2001,18844,Groningen (PV)
Bbp marktprijzen in mln euro,2001,481881,Nederland
Bbp marktprijzen in mln euro,2002,10971,Drenthe (PV)
Bbp marktprijzen in mln euro,2002,13604,Fryslân (PV)
Bbp marktprijzen in mln euro,2002,19099,Groningen (PV)
Bbp marktprijzen in mln euro,2002,501137,Nederland
Bbp marktprijzen in mln euro,2003,11221,Drenthe (PV)
Bbp marktprijzen in mln euro,2003,14163,Fryslân (PV)
Bbp marktprijzen in mln euro,2003,19593,Groningen (PV)
Bbp marktprijzen in mln euro,2003,512810,Nederland
Bbp marktprijzen in mln euro,2004,11430,Drenthe (PV)
Bbp marktprijzen in mln euro,2004,14457,Fryslân (PV)
Bbp marktprijzen in mln euro,2004,20043,Groningen (PV)
Bbp marktprijzen in mln euro,2004,529286,Nederland
Bbp marktprijzen in mln euro,2005,11953,Drenthe (PV)
Bbp marktprijzen in mln euro,2005,15185,Fryslân (PV)
Bbp marktprijzen in mln euro,2005,21450,Groningen (PV)
Bbp marktprijzen in mln euro,2005,550883,Nederland
Bbp marktprijzen in mln euro,2006,12848,Drenthe (PV)
Bbp marktprijzen in mln euro,2006,16108,Fryslân (PV)
Bbp marktprijzen in mln euro,2006,23546,Groningen (PV)
Bbp marktprijzen in mln euro,2006,584546,Nederland
Bbp marktprijzen in mln euro,2007,13649,Drenthe (PV)
Bbp marktprijzen in mln euro,2007,17121,Fryslân (PV)
Bbp marktprijzen in mln euro,2007,24147,Groningen (PV)
Bbp marktprijzen in mln euro,2007,619170,Nederland
Bbp marktprijzen in mln euro,2008,14459,Drenthe (PV)
Bbp marktprijzen in mln euro,2008,17902,Fryslân (PV)
Bbp marktprijzen in mln euro,2008,27172,Groningen (PV)
Bbp marktprijzen in mln euro,2008,647198,Nederland
Bbp marktprijzen in mln euro,2009,13478,Drenthe (PV)
Bbp marktprijzen in mln euro,2009,17249,Fryslân (PV)
Bbp marktprijzen in mln euro,2009,24366,Groningen (PV)
Bbp marktprijzen in mln euro,2009,624842,Nederland
Bbp marktprijzen in mln euro,2010,13538,Drenthe (PV)
Bbp marktprijzen in mln euro,2010,17573,Fryslân (PV)
Bbp marktprijzen in mln euro,2010,25095,Groningen (PV)
Bbp marktprijzen in mln euro,2010,639187,Nederland
Bbp marktprijzen in mln euro,2011,13792,Drenthe (PV)
Bbp marktprijzen in mln euro,2011,18204,Fryslân (PV)
Bbp marktprijzen in mln euro,2011,26024,Groningen (PV)
Bbp marktprijzen in mln euro,2011,650359,Nederland
Bbp marktprijzen in mln euro,2012,13907,Drenthe (PV)
Bbp marktprijzen in mln euro,2012,18128,Fryslân (PV)
Bbp marktprijzen in mln euro,2012,27089,Groningen (PV)
Bbp marktprijzen in mln euro,2012,652966,Nederland
Bbp marktprijzen in mln euro,2013,13958,Drenthe (PV)
Bbp marktprijzen in mln euro,2013,18069,Fryslân (PV)
Bbp marktprijzen in mln euro,2013,27919,Groningen (PV)
Bbp marktprijzen in mln euro,2013,660463,Nederland
Bbp marktprijzen in mln euro,2014,13982,Drenthe (PV)
Bbp marktprijzen in mln euro,2014,18333,Fryslân (PV)
Bbp marktprijzen in mln euro,2014,26144,Groningen (PV)
Bbp marktprijzen in mln euro,2014,671560,Nederland
Bbp marktprijzen in mln euro,2015,13848,Drenthe (PV)
Bbp marktprijzen in mln euro,2015,18208,Fryslân (PV)
Bbp marktprijzen in mln euro,2015,24958,Groningen (PV)
Bbp marktprijzen in mln euro,2015,690008,Nederland
Bbp marktprijzen in mln euro,2016,13916,Drenthe (PV)
Bbp marktprijzen in mln euro,2016,18430,Fryslân (PV)
Bbp marktprijzen in mln euro,2016,23460,Groningen (PV)
Bbp marktprijzen in mln euro,2016,708337,Nederland
Bbp marktprijzen in mln euro,2017,14423,Drenthe (PV)
Bbp marktprijzen in mln euro,2017,19101,Fryslân (PV)
Bbp marktprijzen in mln euro,2017,24036,Groningen (PV)
Bbp marktprijzen in mln euro,2017,738146,Nederland
Bbp marktprijzen in mln euro,2018,15166,Drenthe (PV)
Bbp marktprijzen in mln euro,2018,19989,Fryslân (PV)
Bbp marktprijzen in mln euro,2018,24557,Groningen (PV)
Bbp marktprijzen in mln euro,2018,773987,Nederland
Bbp marktprijzen in mln euro,2019*,15717,Drenthe (PV)
Bbp marktprijzen in mln euro,2019*,21206,Fryslân (PV)
Bbp marktprijzen in mln euro,2019*,24848,Groningen (PV)
Bbp marktprijzen in mln euro,2019*,813055,Nederland
Bbp marktprijzen in mln euro,2020*,15584,Drenthe (PV)
Bbp marktprijzen in mln euro,2020*,20996,Fryslân (PV)
Bbp marktprijzen in mln euro,2020*,23243,Groningen (PV)
Bbp marktprijzen in mln euro,2020*,800095,Nederland
Bbp per inwoner in euro,1995,15003,Fryslân (PV)
Bbp per inwoner in euro,1995,16334,Drenthe (PV)
Bbp per inwoner in euro,1995,21317,Nederland
Bbp per inwoner in euro,1995,22928,Groningen (PV)
Bbp per inwoner in euro,1996,15629,Fryslân (PV)
Bbp per inwoner in euro,1996,17052,Drenthe (PV)
Bbp per inwoner in euro,1996,22190,Nederland
Bbp per inwoner in euro,1996,24995,Groningen (PV)
Bbp per inwoner in euro,1997,16322,Fryslân (PV)
Bbp per inwoner in euro,1997,17809,Drenthe (PV)
Bbp per inwoner in euro,1997,23641,Nederland
Bbp per inwoner in euro,1997,26305,Groningen (PV)
Bbp per inwoner in euro,1998,17422,Fryslân (PV)
Bbp per inwoner in euro,1998,18633,Drenthe (PV)
Bbp per inwoner in euro,1998,25103,Nederland
Bbp per inwoner in euro,1998,26585,Groningen (PV)
Bbp per inwoner in euro,1999,18274,Fryslân (PV)
Bbp per inwoner in euro,1999,19330,Drenthe (PV)
Bbp per inwoner in euro,1999,26528,Nederland
Bbp per inwoner in euro,1999,27004,Groningen (PV)
Bbp per inwoner in euro,2000,19547,Fryslân (PV)
Bbp per inwoner in euro,2000,20584,Drenthe (PV)
Bbp per inwoner in euro,2000,28383,Nederland
Bbp per inwoner in euro,2000,30303,Groningen (PV)
Bbp per inwoner in euro,2001,20919,Fryslân (PV)
Bbp per inwoner in euro,2001,22041,Drenthe (PV)
Bbp per inwoner in euro,2001,30031,Nederland
Bbp per inwoner in euro,2001,33148,Groningen (PV)
Bbp per inwoner in euro,2002,21323,Fryslân (PV)
Bbp per inwoner in euro,2002,22855,Drenthe (PV)
Bbp per inwoner in euro,2002,31032,Nederland
Bbp per inwoner in euro,2002,33405,Groningen (PV)
Bbp per inwoner in euro,2003,22098,Fryslân (PV)
Bbp per inwoner in euro,2003,23288,Drenthe (PV)
Bbp per inwoner in euro,2003,31606,Nederland
Bbp per inwoner in euro,2003,34153,Groningen (PV)
Bbp per inwoner in euro,2004,22500,Fryslân (PV)
Bbp per inwoner in euro,2004,23670,Drenthe (PV)
Bbp per inwoner in euro,2004,32508,Nederland
Bbp per inwoner in euro,2004,34874,Groningen (PV)
Bbp per inwoner in euro,2005,23630,Fryslân (PV)
Bbp per inwoner in euro,2005,24700,Drenthe (PV)
Bbp per inwoner in euro,2005,33755,Nederland
Bbp per inwoner in euro,2005,37333,Groningen (PV)
Bbp per inwoner in euro,2006,25082,Fryslân (PV)
Bbp per inwoner in euro,2006,26472,Drenthe (PV)
Bbp per inwoner in euro,2006,35761,Nederland
Bbp per inwoner in euro,2006,41033,Groningen (PV)
Bbp per inwoner in euro,2007,26639,Fryslân (PV)
Bbp per inwoner in euro,2007,28017,Drenthe (PV)
Bbp per inwoner in euro,2007,37796,Nederland
Bbp per inwoner in euro,2007,42102,Groningen (PV)
Bbp per inwoner in euro,2008,27798,Fryslân (PV)
Bbp per inwoner in euro,2008,29567,Drenthe (PV)
Bbp per inwoner in euro,2008,39354,Nederland
Bbp per inwoner in euro,2008,47357,Groningen (PV)
Bbp per inwoner in euro,2009,26720,Fryslân (PV)
Bbp per inwoner in euro,2009,27481,Drenthe (PV)
Bbp per inwoner in euro,2009,37800,Nederland
Bbp per inwoner in euro,2009,42348,Groningen (PV)
Bbp per inwoner in euro,2010,27169,Fryslân (PV)
Bbp per inwoner in euro,2010,27561,Drenthe (PV)
Bbp per inwoner in euro,2010,38470,Nederland
Bbp per inwoner in euro,2010,43428,Groningen (PV)
Bbp per inwoner in euro,2011,28083,Drenthe (PV)
Bbp per inwoner in euro,2011,28125,Fryslân (PV)
Bbp per inwoner in euro,2011,38960,Nederland
Bbp per inwoner in euro,2011,44872,Groningen (PV)
Bbp per inwoner in euro,2012,28017,Fryslân (PV)
Bbp per inwoner in euro,2012,28361,Drenthe (PV)
Bbp per inwoner in euro,2012,38972,Nederland
Bbp per inwoner in euro,2012,46602,Groningen (PV)
Bbp per inwoner in euro,2013,27945,Fryslân (PV)
Bbp per inwoner in euro,2013,28518,Drenthe (PV)
Bbp per inwoner in euro,2013,39303,Nederland
Bbp per inwoner in euro,2013,47953,Groningen (PV)
Bbp per inwoner in euro,2014,28367,Fryslân (PV)
Bbp per inwoner in euro,2014,28606,Drenthe (PV)
Bbp per inwoner in euro,2014,39820,Nederland
Bbp per inwoner in euro,2014,44818,Groningen (PV)
Bbp per inwoner in euro,2015,28179,Fryslân (PV)
Bbp per inwoner in euro,2015,28342,Drenthe (PV)
Bbp per inwoner in euro,2015,40733,Nederland
Bbp per inwoner in euro,2015,42749,Groningen (PV)
Bbp per inwoner in euro,2016,28388,Drenthe (PV)
Bbp per inwoner in euro,2016,28509,Fryslân (PV)
Bbp per inwoner in euro,2016,40195,Groningen (PV)
Bbp per inwoner in euro,2016,41593,Nederland
Bbp per inwoner in euro,2017,29318,Drenthe (PV)
Bbp per inwoner in euro,2017,29519,Fryslân (PV)
Bbp per inwoner in euro,2017,41210,Groningen (PV)
Bbp per inwoner in euro,2017,43088,Nederland
Bbp per inwoner in euro,2018,30817,Drenthe (PV)
Bbp per inwoner in euro,2018,30872,Fryslân (PV)
Bbp per inwoner in euro,2018,42088,Groningen (PV)
Bbp per inwoner in euro,2018,44917,Nederland
Bbp per inwoner in euro,2019*,31885,Drenthe (PV)
Bbp per inwoner in euro,2019*,32684,Fryslân (PV)
Bbp per inwoner in euro,2019*,42480,Groningen (PV)
Bbp per inwoner in euro,2019*,46876,Nederland
Bbp per inwoner in euro,2020*,31532,Drenthe (PV)
Bbp per inwoner in euro,2020*,32266,Fryslân (PV)
Bbp per inwoner in euro,2020*,39641,Groningen (PV)
Bbp per inwoner in euro,2020*,45874,Nederland
"Bbp, volumemutaties in percentages",1996,"3,5",Nederland
"Bbp, volumemutaties in percentages",1996,"3,6",Drenthe (PV)
"Bbp, volumemutaties in percentages",1996,"3,6",Fryslân (PV)
"Bbp, volumemutaties in percentages",1996,"6,7",Groningen (PV)
"Bbp, volumemutaties in percentages",1997,"1,2",Groningen (PV)
"Bbp, volumemutaties in percentages",1997,"2,1",Fryslân (PV)
"Bbp, volumemutaties in percentages",1997,"2,2",Drenthe (PV)
"Bbp, volumemutaties in percentages",1997,"4,3",Nederland
"Bbp, volumemutaties in percentages",1998,"0,6",Groningen (PV)
"Bbp, volumemutaties in percentages",1998,"3,5",Drenthe (PV)
"Bbp, volumemutaties in percentages",1998,"4,7",Nederland
"Bbp, volumemutaties in percentages",1998,"5,1",Fryslân (PV)
"Bbp, volumemutaties in percentages",1999,"2,4",Groningen (PV)
"Bbp, volumemutaties in percentages",1999,"3,2",Drenthe (PV)
"Bbp, volumemutaties in percentages",1999,"4,3",Fryslân (PV)
"Bbp, volumemutaties in percentages",1999,"5,0",Nederland
"Bbp, volumemutaties in percentages",2000,"1,7",Drenthe (PV)
"Bbp, volumemutaties in percentages",2000,"1,7",Groningen (PV)
"Bbp, volumemutaties in percentages",2000,"3,3",Fryslân (PV)
"Bbp, volumemutaties in percentages",2000,"4,2",Nederland
"Bbp, volumemutaties in percentages",2001,"2,2",Groningen (PV)
"Bbp, volumemutaties in percentages",2001,"2,3",Nederland
"Bbp, volumemutaties in percentages",2001,"3,1",Drenthe (PV)
"Bbp, volumemutaties in percentages",2001,"3,4",Fryslân (PV)
"Bbp, volumemutaties in percentages",2002,"-0,7",Fryslân (PV)
"Bbp, volumemutaties in percentages",2002,"0,2",Nederland
"Bbp, volumemutaties in percentages",2002,"0,9",Groningen (PV)
"Bbp, volumemutaties in percentages",2002,"1,3",Drenthe (PV)
"Bbp, volumemutaties in percentages",2003,"-0,2",Drenthe (PV)
"Bbp, volumemutaties in percentages",2003,"-0,5",Groningen (PV)
"Bbp, volumemutaties in percentages",2003,"0,2",Nederland
"Bbp, volumemutaties in percentages",2003,"1,6",Fryslân (PV)
"Bbp, volumemutaties in percentages",2004,"0,9",Drenthe (PV)
"Bbp, volumemutaties in percentages",2004,"1,2",Fryslân (PV)
"Bbp, volumemutaties in percentages",2004,"1,9",Groningen (PV)
"Bbp, volumemutaties in percentages",2004,"2,0",Nederland
"Bbp, volumemutaties in percentages",2005,"-0,8",Groningen (PV)
"Bbp, volumemutaties in percentages",2005,"1,2",Drenthe (PV)
"Bbp, volumemutaties in percentages",2005,"2,1",Nederland
"Bbp, volumemutaties in percentages",2005,"2,3",Fryslân (PV)
"Bbp, volumemutaties in percentages",2006,"0,2",Groningen (PV)
"Bbp, volumemutaties in percentages",2006,"2,4",Fryslân (PV)
"Bbp, volumemutaties in percentages",2006,"2,8",Drenthe (PV)
"Bbp, volumemutaties in percentages",2006,"3,5",Nederland
"Bbp, volumemutaties in percentages",2007,"0,9",Groningen (PV)
"Bbp, volumemutaties in percentages",2007,"3,8",Nederland
"Bbp, volumemutaties in percentages",2007,"4,0",Drenthe (PV)
"Bbp, volumemutaties in percentages",2007,"4,2",Fryslân (PV)
"Bbp, volumemutaties in percentages",2008,"1,6",Fryslân (PV)
"Bbp, volumemutaties in percentages",2008,"1,9",Drenthe (PV)
"Bbp, volumemutaties in percentages",2008,"2,2",Nederland
"Bbp, volumemutaties in percentages",2008,"3,0",Groningen (PV)
"Bbp, volumemutaties in percentages",2009,"-2,7",Fryslân (PV)
"Bbp, volumemutaties in percentages",2009,"-3,7",Nederland
"Bbp, volumemutaties in percentages",2009,"-4,5",Drenthe (PV)
"Bbp, volumemutaties in percentages",2009,"-4,5",Groningen (PV)
"Bbp, volumemutaties in percentages",2010,"-0,2",Drenthe (PV)
"Bbp, volumemutaties in percentages",2010,"0,8",Fryslân (PV)
"Bbp, volumemutaties in percentages",2010,"1,3",Nederland
"Bbp, volumemutaties in percentages",2010,"4,3",Groningen (PV)
"Bbp, volumemutaties in percentages",2011,"-1,1",Groningen (PV)
"Bbp, volumemutaties in percentages",2011,"0,6",Drenthe (PV)
"Bbp, volumemutaties in percentages",2011,"1,6",Nederland
"Bbp, volumemutaties in percentages",2011,"3,0",Fryslân (PV)
"Bbp, volumemutaties in percentages",2012,"-1,0",Nederland
"Bbp, volumemutaties in percentages",2012,"-1,2",Groningen (PV)
"Bbp, volumemutaties in percentages",2012,"-1,5",Drenthe (PV)
"Bbp, volumemutaties in percentages",2012,"-2,3",Fryslân (PV)
"Bbp, volumemutaties in percentages",2013,"-0,1",Nederland
"Bbp, volumemutaties in percentages",2013,"-0,7",Drenthe (PV)
"Bbp, volumemutaties in percentages",2013,"-1,6",Fryslân (PV)
"Bbp, volumemutaties in percentages",2013,"3,3",Groningen (PV)
"Bbp, volumemutaties in percentages",2014,"-2,8",Groningen (PV)
"Bbp, volumemutaties in percentages",2014,"0,9",Drenthe (PV)
"Bbp, volumemutaties in percentages",2014,"1,4",Nederland
"Bbp, volumemutaties in percentages",2014,"1,6",Fryslân (PV)
"Bbp, volumemutaties in percentages",2015,"-1,4",Fryslân (PV)
"Bbp, volumemutaties in percentages",2015,"-1,7",Drenthe (PV)
"Bbp, volumemutaties in percentages",2015,"-5,3",Groningen (PV)
"Bbp, volumemutaties in percentages",2015,"2,0",Nederland
"Bbp, volumemutaties in percentages",2016,"-0,3",Drenthe (PV)
"Bbp, volumemutaties in percentages",2016,"1,2",Fryslân (PV)
"Bbp, volumemutaties in percentages",2016,"2,2",Groningen (PV)
"Bbp, volumemutaties in percentages",2016,"2,2",Nederland
"Bbp, volumemutaties in percentages",2017,"-0,4",Groningen (PV)
"Bbp, volumemutaties in percentages",2017,"1,4",Fryslân (PV)
"Bbp, volumemutaties in percentages",2017,"1,8",Drenthe (PV)
"Bbp, volumemutaties in percentages",2017,"2,9",Nederland
"Bbp, volumemutaties in percentages",2018,"-2,7",Groningen (PV)
"Bbp, volumemutaties in percentages",2018,"1,6",Fryslân (PV)
"Bbp, volumemutaties in percentages",2018,"1,8",Drenthe (PV)
"Bbp, volumemutaties in percentages",2018,"2,4",Nederland
"Bbp, volumemutaties in percentages",2019,"-1,0",Groningen (PV)
"Bbp, volumemutaties in percentages",2019,"0,5",Drenthe (PV)
"Bbp, volumemutaties in percentages",2019,"2,0",Nederland
"Bbp, volumemutaties in percentages",2019,"3,0",Fryslân (PV)
"Bbp, volumemutaties in percentages",2020*,"-2,7",Drenthe (PV)
"Bbp, volumemutaties in percentages",2020*,"-3,2",Fryslân (PV)
"Bbp, volumemutaties in percentages",2020*,"-3,8",Nederland
"Bbp, volumemutaties in percentages",2020*,"-6,8",Groningen (PV)
Bedrijfsvestigingen totaal,2013,1341110,Nederland
Bedrijfsvestigingen totaal,2013,34630,Drenthe (PV)
Bedrijfsvestigingen totaal,2013,39140,Groningen (PV)
Bedrijfsvestigingen totaal,2013,50260,Fryslân (PV)
Bedrijfsvestigingen totaal,2014,1363490,Nederland
Bedrijfsvestigingen totaal,2014,35230,Drenthe (PV)
Bedrijfsvestigingen totaal,2014,39650,Groningen (PV)
Bedrijfsvestigingen totaal,2014,50995,Fryslân (PV)
Bedrijfsvestigingen totaal,2015,1418820,Nederland
Bedrijfsvestigingen totaal,2015,36440,Drenthe (PV)
Bedrijfsvestigingen totaal,2015,41050,Groningen (PV)
Bedrijfsvestigingen totaal,2015,52800,Fryslân (PV)
Bedrijfsvestigingen totaal,2016,1470645,Nederland
Bedrijfsvestigingen totaal,2016,37555,Drenthe (PV)
Bedrijfsvestigingen totaal,2016,42515,Groningen (PV)
Bedrijfsvestigingen totaal,2016,54455,Fryslân (PV)
Bedrijfsvestigingen totaal,2017,1508540,Nederland
Bedrijfsvestigingen totaal,2017,38210,Drenthe (PV)
Bedrijfsvestigingen totaal,2017,43275,Groningen (PV)
Bedrijfsvestigingen totaal,2017,55330,Fryslân (PV)
Bedrijfsvestigingen totaal,2018,1573885,Nederland
Bedrijfsvestigingen totaal,2018,39400,Drenthe (PV)
Bedrijfsvestigingen totaal,2018,44695,Groningen (PV)
Bedrijfsvestigingen totaal,2018,57090,Fryslân (PV)
Bedrijfsvestigingen totaal,2019,1646160,Nederland
Bedrijfsvestigingen totaal,2019,40600,Drenthe (PV)
Bedrijfsvestigingen totaal,2019,46090,Groningen (PV)
Bedrijfsvestigingen totaal,2019,58760,Fryslân (PV)
Bedrijfsvestigingen totaal,2020,1724690,Nederland
Bedrijfsvestigingen totaal,2020,41930,Drenthe (PV)
Bedrijfsvestigingen totaal,2020,47745,Groningen (PV)
Bedrijfsvestigingen totaal,2020,60680,Fryslân (PV)
Bedrijfsvestigingen totaal,2021,NA,Drenthe (PV)
Bedrijfsvestigingen totaal,2021,NA,Fryslân (PV)
Bedrijfsvestigingen totaal,2021,NA,Groningen (PV)
Bedrijfsvestigingen totaal,2021,NA,Nederland
Beloning van werknemers in mln euro,1995,165485,Nederland
Beloning van werknemers in mln euro,1995,3868,Drenthe (PV)
Beloning van werknemers in mln euro,1995,4604,Fryslân (PV)
Beloning van werknemers in mln euro,1995,5197,Groningen (PV)
Beloning van werknemers in mln euro,1996,171905,Nederland
Beloning van werknemers in mln euro,1996,4021,Drenthe (PV)
Beloning van werknemers in mln euro,1996,4744,Fryslân (PV)
Beloning van werknemers in mln euro,1996,5317,Groningen (PV)
Beloning van werknemers in mln euro,1997,181552,Nederland
Beloning van werknemers in mln euro,1997,4237,Drenthe (PV)
Beloning van werknemers in mln euro,1997,4950,Fryslân (PV)
Beloning van werknemers in mln euro,1997,5570,Groningen (PV)
Beloning van werknemers in mln euro,1998,194591,Nederland
Beloning van werknemers in mln euro,1998,4455,Drenthe (PV)
Beloning van werknemers in mln euro,1998,5330,Fryslân (PV)
Beloning van werknemers in mln euro,1998,5862,Groningen (PV)
Beloning van werknemers in mln euro,1999,209544,Nederland
Beloning van werknemers in mln euro,1999,4721,Drenthe (PV)
Beloning van werknemers in mln euro,1999,5740,Fryslân (PV)
Beloning van werknemers in mln euro,1999,6263,Groningen (PV)
Beloning van werknemers in mln euro,2000,226691,Nederland
Beloning van werknemers in mln euro,2000,5041,Drenthe (PV)
Beloning van werknemers in mln euro,2000,6176,Fryslân (PV)
Beloning van werknemers in mln euro,2000,6718,Groningen (PV)
Beloning van werknemers in mln euro,2001,239070,Nederland
Beloning van werknemers in mln euro,2001,5374,Drenthe (PV)
Beloning van werknemers in mln euro,2001,6554,Fryslân (PV)
Beloning van werknemers in mln euro,2001,7049,Groningen (PV)
Beloning van werknemers in mln euro,2002,251061,Nederland
Beloning van werknemers in mln euro,2002,5800,Drenthe (PV)
Beloning van werknemers in mln euro,2002,6831,Fryslân (PV)
Beloning van werknemers in mln euro,2002,7440,Groningen (PV)
Beloning van werknemers in mln euro,2003,257855,Nederland
Beloning van werknemers in mln euro,2003,5925,Drenthe (PV)
Beloning van werknemers in mln euro,2003,7101,Fryslân (PV)
Beloning van werknemers in mln euro,2003,7724,Groningen (PV)
Beloning van werknemers in mln euro,2004,261594,Nederland
Beloning van werknemers in mln euro,2004,5991,Drenthe (PV)
Beloning van werknemers in mln euro,2004,7231,Fryslân (PV)
Beloning van werknemers in mln euro,2004,7845,Groningen (PV)
Beloning van werknemers in mln euro,2005,265786,Nederland
Beloning van werknemers in mln euro,2005,6038,Drenthe (PV)
Beloning van werknemers in mln euro,2005,7367,Fryslân (PV)
Beloning van werknemers in mln euro,2005,7878,Groningen (PV)
Beloning van werknemers in mln euro,2006,274630,Nederland
Beloning van werknemers in mln euro,2006,6181,Drenthe (PV)
Beloning van werknemers in mln euro,2006,7527,Fryslân (PV)
Beloning van werknemers in mln euro,2006,8036,Groningen (PV)
Beloning van werknemers in mln euro,2007,290422,Nederland
Beloning van werknemers in mln euro,2007,6567,Drenthe (PV)
Beloning van werknemers in mln euro,2007,7954,Fryslân (PV)
Beloning van werknemers in mln euro,2007,8327,Groningen (PV)
Beloning van werknemers in mln euro,2008,307606,Nederland
Beloning van werknemers in mln euro,2008,7110,Drenthe (PV)
Beloning van werknemers in mln euro,2008,8349,Fryslân (PV)
Beloning van werknemers in mln euro,2008,8747,Groningen (PV)
Beloning van werknemers in mln euro,2009,312196,Nederland
Beloning van werknemers in mln euro,2009,6983,Drenthe (PV)
Beloning van werknemers in mln euro,2009,8503,Fryslân (PV)
Beloning van werknemers in mln euro,2009,8967,Groningen (PV)
Beloning van werknemers in mln euro,2010,311717,Nederland
Beloning van werknemers in mln euro,2010,6781,Drenthe (PV)
Beloning van werknemers in mln euro,2010,8604,Fryslân (PV)
Beloning van werknemers in mln euro,2010,8842,Groningen (PV)
Beloning van werknemers in mln euro,2011,319557,Nederland
Beloning van werknemers in mln euro,2011,6970,Drenthe (PV)
Beloning van werknemers in mln euro,2011,8853,Fryslân (PV)
Beloning van werknemers in mln euro,2011,9099,Groningen (PV)
Beloning van werknemers in mln euro,2012,323867,Nederland
Beloning van werknemers in mln euro,2012,6995,Drenthe (PV)
Beloning van werknemers in mln euro,2012,8863,Fryslân (PV)
Beloning van werknemers in mln euro,2012,9205,Groningen (PV)
Beloning van werknemers in mln euro,2013,324676,Nederland
Beloning van werknemers in mln euro,2013,6918,Drenthe (PV)
Beloning van werknemers in mln euro,2013,8718,Fryslân (PV)
Beloning van werknemers in mln euro,2013,9299,Groningen (PV)
Beloning van werknemers in mln euro,2014,328166,Nederland
Beloning van werknemers in mln euro,2014,7077,Drenthe (PV)
Beloning van werknemers in mln euro,2014,8781,Fryslân (PV)
Beloning van werknemers in mln euro,2014,9389,Groningen (PV)
Beloning van werknemers in mln euro,2015,330267,Nederland
Beloning van werknemers in mln euro,2015,7045,Drenthe (PV)
Beloning van werknemers in mln euro,2015,8789,Fryslân (PV)
Beloning van werknemers in mln euro,2015,9450,Groningen (PV)
Beloning van werknemers in mln euro,2016,340586,Nederland
Beloning van werknemers in mln euro,2016,7076,Drenthe (PV)
Beloning van werknemers in mln euro,2016,9120,Fryslân (PV)
Beloning van werknemers in mln euro,2016,9864,Groningen (PV)
Beloning van werknemers in mln euro,2017,10160,Groningen (PV)
Beloning van werknemers in mln euro,2017,352818,Nederland
Beloning van werknemers in mln euro,2017,7257,Drenthe (PV)
Beloning van werknemers in mln euro,2017,9369,Fryslân (PV)
Beloning van werknemers in mln euro,2018,10559,Groningen (PV)
Beloning van werknemers in mln euro,2018,369840,Nederland
Beloning van werknemers in mln euro,2018,7537,Drenthe (PV)
Beloning van werknemers in mln euro,2018,9804,Fryslân (PV)
Beloning van werknemers in mln euro,2019*,10366,Fryslân (PV)
Beloning van werknemers in mln euro,2019*,11000,Groningen (PV)
Beloning van werknemers in mln euro,2019*,388869,Nederland
Beloning van werknemers in mln euro,2019*,7904,Drenthe (PV)
Beloning van werknemers in mln euro,2020*,NA,Drenthe (PV)
Beloning van werknemers in mln euro,2020*,NA,Fryslân (PV)
Beloning van werknemers in mln euro,2020*,NA,Groningen (PV)
Beloning van werknemers in mln euro,2020*,NA,Nederland
Bijstand totaal (tot AOW-leeftijd),1995,NA,Drenthe (PV)
Bijstand totaal (tot AOW-leeftijd),1995,NA,Fryslân (PV)
Bijstand totaal (tot AOW-leeftijd),1995,NA,Groningen (PV)
Bijstand totaal (tot AOW-leeftijd),1995,NA,Nederland
Bijstand totaal (tot AOW-leeftijd),1996,NA,Drenthe (PV)
Bijstand totaal (tot AOW-leeftijd),1996,NA,Fryslân (PV)
Bijstand totaal (tot AOW-leeftijd),1996,NA,Groningen (PV)
Bijstand totaal (tot AOW-leeftijd),1996,NA,Nederland
Bijstand totaal (tot AOW-leeftijd),1997,NA,Drenthe (PV)
Bijstand totaal (tot AOW-leeftijd),1997,NA,Fryslân (PV)
Bijstand totaal (tot AOW-leeftijd),1997,NA,Groningen (PV)
Bijstand totaal (tot AOW-leeftijd),1997,NA,Nederland
Bijstand totaal (tot AOW-leeftijd),1998,NA,Drenthe (PV)
Bijstand totaal (tot AOW-leeftijd),1998,NA,Fryslân (PV)
Bijstand totaal (tot AOW-leeftijd),1998,NA,Groningen (PV)
Bijstand totaal (tot AOW-leeftijd),1998,NA,Nederland
Bijstand totaal (tot AOW-leeftijd),1999,NA,Drenthe (PV)
Bijstand totaal (tot AOW-leeftijd),1999,NA,Fryslân (PV)
Bijstand totaal (tot AOW-leeftijd),1999,NA,Groningen (PV)
Bijstand totaal (tot AOW-leeftijd),1999,NA,Nederland
Bijstand totaal (tot AOW-leeftijd),2000,NA,Drenthe (PV)
Bijstand totaal (tot AOW-leeftijd),2000,NA,Fryslân (PV)
Bijstand totaal (tot AOW-leeftijd),2000,NA,Groningen (PV)
Bijstand totaal (tot AOW-leeftijd),2000,NA,Nederland
Bijstand totaal (tot AOW-leeftijd),2001,NA,Drenthe (PV)
Bijstand totaal (tot AOW-leeftijd),2001,NA,Fryslân (PV)
Bijstand totaal (tot AOW-leeftijd),2001,NA,Groningen (PV)
Bijstand totaal (tot AOW-leeftijd),2001,NA,Nederland
Bijstand totaal (tot AOW-leeftijd),2002,NA,Drenthe (PV)
Bijstand totaal (tot AOW-leeftijd),2002,NA,Fryslân (PV)
Bijstand totaal (tot AOW-leeftijd),2002,NA,Groningen (PV)
Bijstand totaal (tot AOW-leeftijd),2002,NA,Nederland
Bijstand totaal (tot AOW-leeftijd),2003,NA,Drenthe (PV)
Bijstand totaal (tot AOW-leeftijd),2003,NA,Fryslân (PV)
Bijstand totaal (tot AOW-leeftijd),2003,NA,Groningen (PV)
Bijstand totaal (tot AOW-leeftijd),2003,NA,Nederland
Bijstand totaal (tot AOW-leeftijd),2004,NA,Drenthe (PV)
Bijstand totaal (tot AOW-leeftijd),2004,NA,Fryslân (PV)
Bijstand totaal (tot AOW-leeftijd),2004,NA,Groningen (PV)
Bijstand totaal (tot AOW-leeftijd),2004,NA,Nederland
Bijstand totaal (tot AOW-leeftijd),2005,NA,Drenthe (PV)
Bijstand totaal (tot AOW-leeftijd),2005,NA,Fryslân (PV)
Bijstand totaal (tot AOW-leeftijd),2005,NA,Groningen (PV)
Bijstand totaal (tot AOW-leeftijd),2005,NA,Nederland
Bijstand totaal (tot AOW-leeftijd),2006,NA,Drenthe (PV)
Bijstand totaal (tot AOW-leeftijd),2006,NA,Fryslân (PV)
Bijstand totaal (tot AOW-leeftijd),2006,NA,Groningen (PV)
Bijstand totaal (tot AOW-leeftijd),2006,NA,Nederland
Bijstand totaal (tot AOW-leeftijd),2007,12960,Fryslân (PV)
Bijstand totaal (tot AOW-leeftijd),2007,17600,Groningen (PV)
Bijstand totaal (tot AOW-leeftijd),2007,347800,Nederland
Bijstand totaal (tot AOW-leeftijd),2007,8870,Drenthe (PV)
Bijstand totaal (tot AOW-leeftijd),2008,12680,Fryslân (PV)
Bijstand totaal (tot AOW-leeftijd),2008,16590,Groningen (PV)
Bijstand totaal (tot AOW-leeftijd),2008,333460,Nederland
Bijstand totaal (tot AOW-leeftijd),2008,8880,Drenthe (PV)
Bijstand totaal (tot AOW-leeftijd),2009,10370,Drenthe (PV)
Bijstand totaal (tot AOW-leeftijd),2009,14230,Fryslân (PV)
Bijstand totaal (tot AOW-leeftijd),2009,17990,Groningen (PV)
Bijstand totaal (tot AOW-leeftijd),2009,364520,Nederland
Bijstand totaal (tot AOW-leeftijd),2010,11240,Drenthe (PV)
Bijstand totaal (tot AOW-leeftijd),2010,15410,Fryslân (PV)
Bijstand totaal (tot AOW-leeftijd),2010,19440,Groningen (PV)
Bijstand totaal (tot AOW-leeftijd),2010,394090,Nederland
Bijstand totaal (tot AOW-leeftijd),2011,11670,Drenthe (PV)
Bijstand totaal (tot AOW-leeftijd),2011,17240,Fryslân (PV)
Bijstand totaal (tot AOW-leeftijd),2011,20050,Groningen (PV)
Bijstand totaal (tot AOW-leeftijd),2011,404670,Nederland
Bijstand totaal (tot AOW-leeftijd),2012,12320,Drenthe (PV)
Bijstand totaal (tot AOW-leeftijd),2012,18680,Fryslân (PV)
Bijstand totaal (tot AOW-leeftijd),2012,20850,Groningen (PV)
Bijstand totaal (tot AOW-leeftijd),2012,417720,Nederland
Bijstand totaal (tot AOW-leeftijd),2013,13320,Drenthe (PV)
Bijstand totaal (tot AOW-leeftijd),2013,20310,Fryslân (PV)
Bijstand totaal (tot AOW-leeftijd),2013,22830,Groningen (PV)
Bijstand totaal (tot AOW-leeftijd),2013,453920,Nederland
Bijstand totaal (tot AOW-leeftijd),2014,13790,Drenthe (PV)
Bijstand totaal (tot AOW-leeftijd),2014,21230,Fryslân (PV)
Bijstand totaal (tot AOW-leeftijd),2014,23690,Groningen (PV)
Bijstand totaal (tot AOW-leeftijd),2014,478110,Nederland
Bijstand totaal (tot AOW-leeftijd),2015,13990,Drenthe (PV)
Bijstand totaal (tot AOW-leeftijd),2015,22100,Fryslân (PV)
Bijstand totaal (tot AOW-leeftijd),2015,24240,Groningen (PV)
Bijstand totaal (tot AOW-leeftijd),2015,497830,Nederland
Bijstand totaal (tot AOW-leeftijd),2016,14360,Drenthe (PV)
Bijstand totaal (tot AOW-leeftijd),2016,23250,Fryslân (PV)
Bijstand totaal (tot AOW-leeftijd),2016,25000,Groningen (PV)
Bijstand totaal (tot AOW-leeftijd),2016,517840,Nederland
Bijstand totaal (tot AOW-leeftijd),2017,14210,Drenthe (PV)
Bijstand totaal (tot AOW-leeftijd),2017,22740,Fryslân (PV)
Bijstand totaal (tot AOW-leeftijd),2017,24850,Groningen (PV)
Bijstand totaal (tot AOW-leeftijd),2017,510750,Nederland
Bijstand totaal (tot AOW-leeftijd),2018,13430,Drenthe (PV)
Bijstand totaal (tot AOW-leeftijd),2018,21260,Fryslân (PV)
Bijstand totaal (tot AOW-leeftijd),2018,23570,Groningen (PV)
Bijstand totaal (tot AOW-leeftijd),2018,484530,Nederland
Bijstand totaal (tot AOW-leeftijd),2019,12900,Drenthe (PV)
Bijstand totaal (tot AOW-leeftijd),2019,20230,Fryslân (PV)
Bijstand totaal (tot AOW-leeftijd),2019,22910,Groningen (PV)
Bijstand totaal (tot AOW-leeftijd),2019,465300,Nederland
Bijstand totaal (tot AOW-leeftijd),2020,NA,Drenthe (PV)
Bijstand totaal (tot AOW-leeftijd),2020,NA,Fryslân (PV)
Bijstand totaal (tot AOW-leeftijd),2020,NA,Groningen (PV)
Bijstand totaal (tot AOW-leeftijd),2020,NA,Nederland
Bijstand totaal (tot AOW-leeftijd),2021,NA,Drenthe (PV)
Bijstand totaal (tot AOW-leeftijd),2021,NA,Fryslân (PV)
Bijstand totaal (tot AOW-leeftijd),2021,NA,Groningen (PV)
Bijstand totaal (tot AOW-leeftijd),2021,NA,Nederland
"Bruto toegevoegde waarde, volumemutaties in percentages",1995,NA,Drenthe (PV)
"Bruto toegevoegde waarde, volumemutaties in percentages",1995,NA,Fryslân (PV)
"Bruto toegevoegde waarde, volumemutaties in percentages",1995,NA,Groningen (PV)
"Bruto toegevoegde waarde, volumemutaties in percentages",1995,NA,Nederland
"Bruto toegevoegde waarde, volumemutaties in percentages",1996,32,Nederland
"Bruto toegevoegde waarde, volumemutaties in percentages",1996,33,Drenthe (PV)
"Bruto toegevoegde waarde, volumemutaties in percentages",1996,33,Fryslân (PV)
"Bruto toegevoegde waarde, volumemutaties in percentages",1996,64,Groningen (PV)
"Bruto toegevoegde waarde, volumemutaties in percentages",1997,13,Groningen (PV)
"Bruto toegevoegde waarde, volumemutaties in percentages",1997,22,Fryslân (PV)
"Bruto toegevoegde waarde, volumemutaties in percentages",1997,23,Drenthe (PV)
"Bruto toegevoegde waarde, volumemutaties in percentages",1997,45,Nederland
"Bruto toegevoegde waarde, volumemutaties in percentages",1998,34,Drenthe (PV)
"Bruto toegevoegde waarde, volumemutaties in percentages",1998,46,Nederland
"Bruto toegevoegde waarde, volumemutaties in percentages",1998,51,Fryslân (PV)
"Bruto toegevoegde waarde, volumemutaties in percentages",1998,6,Groningen (PV)
"Bruto toegevoegde waarde, volumemutaties in percentages",1999,21,Groningen (PV)
"Bruto toegevoegde waarde, volumemutaties in percentages",1999,29,Drenthe (PV)
"Bruto toegevoegde waarde, volumemutaties in percentages",1999,40,Fryslân (PV)
"Bruto toegevoegde waarde, volumemutaties in percentages",1999,48,Nederland
"Bruto toegevoegde waarde, volumemutaties in percentages",2000,19,Drenthe (PV)
"Bruto toegevoegde waarde, volumemutaties in percentages",2000,19,Groningen (PV)
"Bruto toegevoegde waarde, volumemutaties in percentages",2000,35,Fryslân (PV)
"Bruto toegevoegde waarde, volumemutaties in percentages",2000,44,Nederland
"Bruto toegevoegde waarde, volumemutaties in percentages",2001,22,Groningen (PV)
"Bruto toegevoegde waarde, volumemutaties in percentages",2001,24,Nederland
"Bruto toegevoegde waarde, volumemutaties in percentages",2001,31,Drenthe (PV)
"Bruto toegevoegde waarde, volumemutaties in percentages",2001,34,Fryslân (PV)
"Bruto toegevoegde waarde, volumemutaties in percentages",2002,-7,Fryslân (PV)
"Bruto toegevoegde waarde, volumemutaties in percentages",2002,13,Drenthe (PV)
"Bruto toegevoegde waarde, volumemutaties in percentages",2002,2,Nederland
"Bruto toegevoegde waarde, volumemutaties in percentages",2002,9,Groningen (PV)
"Bruto toegevoegde waarde, volumemutaties in percentages",2003,-2,Drenthe (PV)
"Bruto toegevoegde waarde, volumemutaties in percentages",2003,-5,Groningen (PV)
"Bruto toegevoegde waarde, volumemutaties in percentages",2003,1,Nederland
"Bruto toegevoegde waarde, volumemutaties in percentages",2003,16,Fryslân (PV)
"Bruto toegevoegde waarde, volumemutaties in percentages",2004,13,Fryslân (PV)
"Bruto toegevoegde waarde, volumemutaties in percentages",2004,20,Groningen (PV)
"Bruto toegevoegde waarde, volumemutaties in percentages",2004,21,Nederland
"Bruto toegevoegde waarde, volumemutaties in percentages",2004,9,Drenthe (PV)
"Bruto toegevoegde waarde, volumemutaties in percentages",2005,-8,Groningen (PV)
"Bruto toegevoegde waarde, volumemutaties in percentages",2005,12,Drenthe (PV)
"Bruto toegevoegde waarde, volumemutaties in percentages",2005,21,Nederland
"Bruto toegevoegde waarde, volumemutaties in percentages",2005,24,Fryslân (PV)
"Bruto toegevoegde waarde, volumemutaties in percentages",2006,1,Groningen (PV)
"Bruto toegevoegde waarde, volumemutaties in percentages",2006,23,Fryslân (PV)
"Bruto toegevoegde waarde, volumemutaties in percentages",2006,27,Drenthe (PV)
"Bruto toegevoegde waarde, volumemutaties in percentages",2006,33,Nederland
"Bruto toegevoegde waarde, volumemutaties in percentages",2007,10,Groningen (PV)
"Bruto toegevoegde waarde, volumemutaties in percentages",2007,39,Nederland
"Bruto toegevoegde waarde, volumemutaties in percentages",2007,41,Drenthe (PV)
"Bruto toegevoegde waarde, volumemutaties in percentages",2007,42,Fryslân (PV)
"Bruto toegevoegde waarde, volumemutaties in percentages",2008,20,Fryslân (PV)
"Bruto toegevoegde waarde, volumemutaties in percentages",2008,22,Drenthe (PV)
"Bruto toegevoegde waarde, volumemutaties in percentages",2008,25,Nederland
"Bruto toegevoegde waarde, volumemutaties in percentages",2008,33,Groningen (PV)
"Bruto toegevoegde waarde, volumemutaties in percentages",2009,-24,Fryslân (PV)
"Bruto toegevoegde waarde, volumemutaties in percentages",2009,-33,Nederland
"Bruto toegevoegde waarde, volumemutaties in percentages",2009,-41,Drenthe (PV)
"Bruto toegevoegde waarde, volumemutaties in percentages",2009,-42,Groningen (PV)
"Bruto toegevoegde waarde, volumemutaties in percentages",2010,-1,Drenthe (PV)
"Bruto toegevoegde waarde, volumemutaties in percentages",2010,15,Nederland
"Bruto toegevoegde waarde, volumemutaties in percentages",2010,45,Groningen (PV)
"Bruto toegevoegde waarde, volumemutaties in percentages",2010,9,Fryslân (PV)
"Bruto toegevoegde waarde, volumemutaties in percentages",2011,-7,Groningen (PV)
"Bruto toegevoegde waarde, volumemutaties in percentages",2011,19,Nederland
"Bruto toegevoegde waarde, volumemutaties in percentages",2011,33,Fryslân (PV)
"Bruto toegevoegde waarde, volumemutaties in percentages",2011,9,Drenthe (PV)
"Bruto toegevoegde waarde, volumemutaties in percentages",2012,-10,Groningen (PV)
"Bruto toegevoegde waarde, volumemutaties in percentages",2012,-12,Drenthe (PV)
"Bruto toegevoegde waarde, volumemutaties in percentages",2012,-21,Fryslân (PV)
"Bruto toegevoegde waarde, volumemutaties in percentages",2012,-8,Nederland
"Bruto toegevoegde waarde, volumemutaties in percentages",2013,-12,Fryslân (PV)
"Bruto toegevoegde waarde, volumemutaties in percentages",2013,-3,Drenthe (PV)
"Bruto toegevoegde waarde, volumemutaties in percentages",2013,3,Nederland
"Bruto toegevoegde waarde, volumemutaties in percentages",2013,37,Groningen (PV)
"Bruto toegevoegde waarde, volumemutaties in percentages",2014,-28,Groningen (PV)
"Bruto toegevoegde waarde, volumemutaties in percentages",2014,14,Nederland
"Bruto toegevoegde waarde, volumemutaties in percentages",2014,16,Fryslân (PV)
"Bruto toegevoegde waarde, volumemutaties in percentages",2014,9,Drenthe (PV)
"Bruto toegevoegde waarde, volumemutaties in percentages",2015,-17,Fryslân (PV)
"Bruto toegevoegde waarde, volumemutaties in percentages",2015,-20,Drenthe (PV)
"Bruto toegevoegde waarde, volumemutaties in percentages",2015,-55,Groningen (PV)
"Bruto toegevoegde waarde, volumemutaties in percentages",2015,17,Nederland
"Bruto toegevoegde waarde, volumemutaties in percentages",2016,-5,Drenthe (PV)
"Bruto toegevoegde waarde, volumemutaties in percentages",2016,20,Groningen (PV)
"Bruto toegevoegde waarde, volumemutaties in percentages",2016,20,Nederland
"Bruto toegevoegde waarde, volumemutaties in percentages",2016,9,Fryslân (PV)
"Bruto toegevoegde waarde, volumemutaties in percentages",2017,-4,Groningen (PV)
"Bruto toegevoegde waarde, volumemutaties in percentages",2017,14,Fryslân (PV)
"Bruto toegevoegde waarde, volumemutaties in percentages",2017,18,Drenthe (PV)
"Bruto toegevoegde waarde, volumemutaties in percentages",2017,29,Nederland
"Bruto toegevoegde waarde, volumemutaties in percentages",2018,-28,Groningen (PV)
"Bruto toegevoegde waarde, volumemutaties in percentages",2018,16,Fryslân (PV)
"Bruto toegevoegde waarde, volumemutaties in percentages",2018,18,Drenthe (PV)
"Bruto toegevoegde waarde, volumemutaties in percentages",2018,23,Nederland
"Bruto toegevoegde waarde, volumemutaties in percentages",2019*,-10,Groningen (PV)
"Bruto toegevoegde waarde, volumemutaties in percentages",2019*,20,Nederland
"Bruto toegevoegde waarde, volumemutaties in percentages",2019*,30,Fryslân (PV)
"Bruto toegevoegde waarde, volumemutaties in percentages",2019*,6,Drenthe (PV)
"Bruto toegevoegde waarde, volumemutaties in percentages",2020*,-27,Drenthe (PV)
"Bruto toegevoegde waarde, volumemutaties in percentages",2020*,-32,Fryslân (PV)
"Bruto toegevoegde waarde, volumemutaties in percentages",2020*,-38,Nederland
"Bruto toegevoegde waarde, volumemutaties in percentages",2020*,-68,Groningen (PV)
Consumentenvertrouwen: gemiddelde saldo vd deelvragen,2017,20,Groningen (PV)
Consumentenvertrouwen: gemiddelde saldo vd deelvragen,2017,21,Drenthe (PV)
Consumentenvertrouwen: gemiddelde saldo vd deelvragen,2017,23,Fryslân (PV)
Consumentenvertrouwen: gemiddelde saldo vd deelvragen,2017,24,Nederland
Consumentenvertrouwen: gemiddelde saldo vd deelvragen,2018,16,Fryslân (PV)
Consumentenvertrouwen: gemiddelde saldo vd deelvragen,2018,18,Drenthe (PV)
Consumentenvertrouwen: gemiddelde saldo vd deelvragen,2018,20,Groningen (PV)
Consumentenvertrouwen: gemiddelde saldo vd deelvragen,2018,20,Nederland
Consumentenvertrouwen: gemiddelde saldo vd deelvragen,2019,-1,Nederland
Consumentenvertrouwen: gemiddelde saldo vd deelvragen,2019,-3,Fryslân (PV)
Consumentenvertrouwen: gemiddelde saldo vd deelvragen,2019,-5,Drenthe (PV)
Consumentenvertrouwen: gemiddelde saldo vd deelvragen,2019,-5,Groningen (PV)
Consumentenvertrouwen: gemiddelde saldo vd deelvragen,2020,-20,Fryslân (PV)
Consumentenvertrouwen: gemiddelde saldo vd deelvragen,2020,-20,Nederland
Consumentenvertrouwen: gemiddelde saldo vd deelvragen,2020,-23,Drenthe (PV)
Consumentenvertrouwen: gemiddelde saldo vd deelvragen,2020,-23,Groningen (PV)
Consumptie nationaal: volume mutaties in percentages,1995,.,NA
Consumptie nationaal: volume mutaties in percentages,1996,"4,3",NA
Consumptie nationaal: volume mutaties in percentages,1997,"3,5",NA
Consumptie nationaal: volume mutaties in percentages,1998,"5,1",NA
Consumptie nationaal: volume mutaties in percentages,1999,"5,3",NA
Consumptie nationaal: volume mutaties in percentages,2000,"3,7",NA
Consumptie nationaal: volume mutaties in percentages,2001,"1,8",NA
Consumptie nationaal: volume mutaties in percentages,2002,"0,9",NA
Consumptie nationaal: volume mutaties in percentages,2003,"-0,2",NA
Consumptie nationaal: volume mutaties in percentages,2004,"1,0",NA
Consumptie nationaal: volume mutaties in percentages,2005,"1,0",NA
Consumptie nationaal: volume mutaties in percentages,2006,"2,9",NA
Consumptie nationaal: volume mutaties in percentages,2007,.,NA
Consumptie nationaal: volume mutaties in percentages,2008,.,NA
Consumptie nationaal: volume mutaties in percentages,2009,"-2,1",NA
Consumptie nationaal: volume mutaties in percentages,2010,"0,3",NA
Consumptie nationaal: volume mutaties in percentages,2011*,"-1,1",NA
Consumptie nationaal: volume mutaties in percentages,2012*,"-1,6",NA
Consumptie nationaal: volume mutaties in percentages,2013*,.,NA
Consumptie nationaal: volume mutaties in percentages,2014*,"-0,2",NA
Consumptie nationaal: volume mutaties in percentages,2015*,.,NA
Consumptie nationaal: volume mutaties in percentages,2016*,.,NA
Consumptie nationaal: volume mutaties in percentages,2017*,.,NA
Consumptie nationaal: volume mutaties in percentages,2018*,.,NA
Primair inkomen (netto) per inwoner in euro,2015*,21380,Groningen (PV)
Primair inkomen (netto) per inwoner in euro,2015*,21655,Fryslân (PV)
Primair inkomen (netto) per inwoner in euro,2015*,22560,Drenthe (PV)
Primair inkomen (netto) per inwoner in euro,2016*,22198,Groningen (PV)
Primair inkomen (netto) per inwoner in euro,2016*,22287,Fryslân (PV)
Primair inkomen (netto) per inwoner in euro,2016*,23049,Drenthe (PV)
Primair inkomen (netto) per inwoner in euro,2017*,22648,Groningen (PV)
Primair inkomen (netto) per inwoner in euro,2017*,22848,Fryslân (PV)
Primair inkomen (netto) per inwoner in euro,2017*,23504,Drenthe (PV)
Primair inkomen (netto) per inwoner in euro,2018*,23340,Groningen (PV)
Primair inkomen (netto) per inwoner in euro,2018*,23642,Fryslân (PV)
Primair inkomen (netto) per inwoner in euro,2018*,24421,Drenthe (PV)
Uitkeringsontvangers totaal,1995,NA,Drenthe (PV)
Uitkeringsontvangers totaal,1995,NA,Fryslân (PV)
Uitkeringsontvangers totaal,1995,NA,Groningen (PV)
Uitkeringsontvangers totaal,1995,NA,Nederland
Uitkeringsontvangers totaal,1996,NA,Drenthe (PV)
Uitkeringsontvangers totaal,1996,NA,Fryslân (PV)
Uitkeringsontvangers totaal,1996,NA,Groningen (PV)
Uitkeringsontvangers totaal,1996,NA,Nederland
Uitkeringsontvangers totaal,1997,NA,Drenthe (PV)
Uitkeringsontvangers totaal,1997,NA,Fryslân (PV)
Uitkeringsontvangers totaal,1997,NA,Groningen (PV)
Uitkeringsontvangers totaal,1997,NA,Nederland
Uitkeringsontvangers totaal,1998,NA,Drenthe (PV)
Uitkeringsontvangers totaal,1998,NA,Fryslân (PV)
Uitkeringsontvangers totaal,1998,NA,Groningen (PV)
Uitkeringsontvangers totaal,1998,NA,Nederland
Uitkeringsontvangers totaal,1999,NA,Drenthe (PV)
Uitkeringsontvangers totaal,1999,NA,Fryslân (PV)
Uitkeringsontvangers totaal,1999,NA,Groningen (PV)
Uitkeringsontvangers totaal,1999,NA,Nederland
Uitkeringsontvangers totaal,2000,NA,Drenthe (PV)
Uitkeringsontvangers totaal,2000,NA,Fryslân (PV)
Uitkeringsontvangers totaal,2000,NA,Groningen (PV)
Uitkeringsontvangers totaal,2000,NA,Nederland
Uitkeringsontvangers totaal,2001,NA,Drenthe (PV)
Uitkeringsontvangers totaal,2001,NA,Fryslân (PV)
Uitkeringsontvangers totaal,2001,NA,Groningen (PV)
Uitkeringsontvangers totaal,2001,NA,Nederland
Uitkeringsontvangers totaal,2002,NA,Drenthe (PV)
Uitkeringsontvangers totaal,2002,NA,Fryslân (PV)
Uitkeringsontvangers totaal,2002,NA,Groningen (PV)
Uitkeringsontvangers totaal,2002,NA,Nederland
Uitkeringsontvangers totaal,2003,NA,Drenthe (PV)
Uitkeringsontvangers totaal,2003,NA,Fryslân (PV)
Uitkeringsontvangers totaal,2003,NA,Groningen (PV)
Uitkeringsontvangers totaal,2003,NA,Nederland
Uitkeringsontvangers totaal,2004,NA,Drenthe (PV)
Uitkeringsontvangers totaal,2004,NA,Fryslân (PV)
Uitkeringsontvangers totaal,2004,NA,Groningen (PV)
Uitkeringsontvangers totaal,2004,NA,Nederland
Uitkeringsontvangers totaal,2005,NA,Drenthe (PV)
Uitkeringsontvangers totaal,2005,NA,Fryslân (PV)
Uitkeringsontvangers totaal,2005,NA,Groningen (PV)
Uitkeringsontvangers totaal,2005,NA,Nederland
Uitkeringsontvangers totaal,2006,NA,Drenthe (PV)
Uitkeringsontvangers totaal,2006,NA,Fryslân (PV)
Uitkeringsontvangers totaal,2006,NA,Groningen (PV)
Uitkeringsontvangers totaal,2006,NA,Nederland
Uitkeringsontvangers totaal,2007,1354050,Nederland
Uitkeringsontvangers totaal,2007,42400,Drenthe (PV)
Uitkeringsontvangers totaal,2007,51150,Fryslân (PV)
Uitkeringsontvangers totaal,2007,56220,Groningen (PV)
Uitkeringsontvangers totaal,2008,1321200,Nederland
Uitkeringsontvangers totaal,2008,42050,Drenthe (PV)
Uitkeringsontvangers totaal,2008,49750,Fryslân (PV)
Uitkeringsontvangers totaal,2008,54960,Groningen (PV)
Uitkeringsontvangers totaal,2009,1456400,Nederland
Uitkeringsontvangers totaal,2009,46690,Drenthe (PV)
Uitkeringsontvangers totaal,2009,55280,Fryslân (PV)
Uitkeringsontvangers totaal,2009,59610,Groningen (PV)
Uitkeringsontvangers totaal,2010,1482350,Nederland
Uitkeringsontvangers totaal,2010,47470,Drenthe (PV)
Uitkeringsontvangers totaal,2010,56140,Fryslân (PV)
Uitkeringsontvangers totaal,2010,60540,Groningen (PV)
Uitkeringsontvangers totaal,2011,1498070,Nederland
Uitkeringsontvangers totaal,2011,47190,Drenthe (PV)
Uitkeringsontvangers totaal,2011,58070,Fryslân (PV)
Uitkeringsontvangers totaal,2011,61110,Groningen (PV)
Uitkeringsontvangers totaal,2012,1577460,Nederland
Uitkeringsontvangers totaal,2012,49860,Drenthe (PV)
Uitkeringsontvangers totaal,2012,62220,Fryslân (PV)
Uitkeringsontvangers totaal,2012,64030,Groningen (PV)
Uitkeringsontvangers totaal,2013,149600,Drenthe (PV)
Uitkeringsontvangers totaal,2013,166930,Groningen (PV)
Uitkeringsontvangers totaal,2013,185600,Fryslân (PV)
Uitkeringsontvangers totaal,2013,4837450,Nederland
Uitkeringsontvangers totaal,2014,152580,Drenthe (PV)
Uitkeringsontvangers totaal,2014,170350,Groningen (PV)
Uitkeringsontvangers totaal,2014,188810,Fryslân (PV)
Uitkeringsontvangers totaal,2014,4939430,Nederland
Uitkeringsontvangers totaal,2015,153830,Drenthe (PV)
Uitkeringsontvangers totaal,2015,171370,Groningen (PV)
Uitkeringsontvangers totaal,2015,189990,Fryslân (PV)
Uitkeringsontvangers totaal,2015,4996410,Nederland
Uitkeringsontvangers totaal,2016,153920,Drenthe (PV)
Uitkeringsontvangers totaal,2016,171760,Groningen (PV)
Uitkeringsontvangers totaal,2016,190230,Fryslân (PV)
Uitkeringsontvangers totaal,2016,5013840,Nederland
Uitkeringsontvangers totaal,2017,152580,Drenthe (PV)
Uitkeringsontvangers totaal,2017,169500,Groningen (PV)
Uitkeringsontvangers totaal,2017,187250,Fryslân (PV)
Uitkeringsontvangers totaal,2017,4977430,Nederland
Uitkeringsontvangers totaal,2018,150110,Drenthe (PV)
Uitkeringsontvangers totaal,2018,166540,Groningen (PV)
Uitkeringsontvangers totaal,2018,184050,Fryslân (PV)
Uitkeringsontvangers totaal,2018,4912660,Nederland
Uitkeringsontvangers totaal,2019,149240,Drenthe (PV)
Uitkeringsontvangers totaal,2019,165350,Groningen (PV)
Uitkeringsontvangers totaal,2019,182630,Fryslân (PV)
Uitkeringsontvangers totaal,2019,4875300,Nederland
Uitkeringsontvangers totaal,2020,NA,Drenthe (PV)
Uitkeringsontvangers totaal,2020,NA,Fryslân (PV)
Uitkeringsontvangers totaal,2020,NA,Groningen (PV)
Uitkeringsontvangers totaal,2020,NA,Nederland
Uitkeringsontvangers totaal,2021,NA,Drenthe (PV)
Uitkeringsontvangers totaal,2021,NA,Fryslân (PV)
Uitkeringsontvangers totaal,2021,NA,Groningen (PV)
Uitkeringsontvangers totaal,2021,NA,Nederland
Werkloosheid totaal,1995,NA,Drenthe (PV)
Werkloosheid totaal,1995,NA,Fryslân (PV)
Werkloosheid totaal,1995,NA,Groningen (PV)
Werkloosheid totaal,1995,NA,Nederland
Werkloosheid totaal,1996,NA,Drenthe (PV)
Werkloosheid totaal,1996,NA,Fryslân (PV)
Werkloosheid totaal,1996,NA,Groningen (PV)
Werkloosheid totaal,1996,NA,Nederland
Werkloosheid totaal,1997,NA,Drenthe (PV)
Werkloosheid totaal,1997,NA,Fryslân (PV)
Werkloosheid totaal,1997,NA,Groningen (PV)
Werkloosheid totaal,1997,NA,Nederland
Werkloosheid totaal,1998,NA,Drenthe (PV)
Werkloosheid totaal,1998,NA,Fryslân (PV)
Werkloosheid totaal,1998,NA,Groningen (PV)
Werkloosheid totaal,1998,NA,Nederland
Werkloosheid totaal,1999,NA,Drenthe (PV)
Werkloosheid totaal,1999,NA,Fryslân (PV)
Werkloosheid totaal,1999,NA,Groningen (PV)
Werkloosheid totaal,1999,NA,Nederland
Werkloosheid totaal,2000,NA,Drenthe (PV)
Werkloosheid totaal,2000,NA,Fryslân (PV)
Werkloosheid totaal,2000,NA,Groningen (PV)
Werkloosheid totaal,2000,NA,Nederland
Werkloosheid totaal,2001,NA,Drenthe (PV)
Werkloosheid totaal,2001,NA,Fryslân (PV)
Werkloosheid totaal,2001,NA,Groningen (PV)
Werkloosheid totaal,2001,NA,Nederland
Werkloosheid totaal,2002,NA,Drenthe (PV)
Werkloosheid totaal,2002,NA,Fryslân (PV)
Werkloosheid totaal,2002,NA,Groningen (PV)
Werkloosheid totaal,2002,NA,Nederland
Werkloosheid totaal,2003,NA,Drenthe (PV)
Werkloosheid totaal,2003,NA,Fryslân (PV)
Werkloosheid totaal,2003,NA,Groningen (PV)
Werkloosheid totaal,2003,NA,Nederland
Werkloosheid totaal,2004,NA,Drenthe (PV)
Werkloosheid totaal,2004,NA,Fryslân (PV)
Werkloosheid totaal,2004,NA,Groningen (PV)
Werkloosheid totaal,2004,NA,Nederland
Werkloosheid totaal,2005,NA,Drenthe (PV)
Werkloosheid totaal,2005,NA,Fryslân (PV)
Werkloosheid totaal,2005,NA,Groningen (PV)
Werkloosheid totaal,2005,NA,Nederland
Werkloosheid totaal,2006,NA,Drenthe (PV)
Werkloosheid totaal,2006,NA,Fryslân (PV)
Werkloosheid totaal,2006,NA,Groningen (PV)
Werkloosheid totaal,2006,NA,Nederland
Werkloosheid totaal,2007,191530,Nederland
Werkloosheid totaal,2007,7360,Drenthe (PV)
Werkloosheid totaal,2007,8820,Groningen (PV)
Werkloosheid totaal,2007,9600,Fryslân (PV)
Werkloosheid totaal,2008,173870,Nederland
Werkloosheid totaal,2008,7130,Drenthe (PV)
Werkloosheid totaal,2008,8350,Groningen (PV)
Werkloosheid totaal,2008,8810,Fryslân (PV)
Werkloosheid totaal,2009,10070,Drenthe (PV)
Werkloosheid totaal,2009,11360,Groningen (PV)
Werkloosheid totaal,2009,13150,Fryslân (PV)
Werkloosheid totaal,2009,272140,Nederland
Werkloosheid totaal,2010,10040,Drenthe (PV)
Werkloosheid totaal,2010,10900,Groningen (PV)
Werkloosheid totaal,2010,13120,Fryslân (PV)
Werkloosheid totaal,2010,268520,Nederland
Werkloosheid totaal,2011,11000,Groningen (PV)
Werkloosheid totaal,2011,13960,Fryslân (PV)
Werkloosheid totaal,2011,275640,Nederland
Werkloosheid totaal,2011,9730,Drenthe (PV)
Werkloosheid totaal,2012,12400,Drenthe (PV)
Werkloosheid totaal,2012,13250,Groningen (PV)
Werkloosheid totaal,2012,17350,Fryslân (PV)
Werkloosheid totaal,2012,351230,Nederland
Werkloosheid totaal,2013,13500,Drenthe (PV)
Werkloosheid totaal,2013,14610,Groningen (PV)
Werkloosheid totaal,2013,19260,Fryslân (PV)
Werkloosheid totaal,2013,418590,Nederland
Werkloosheid totaal,2014,13700,Drenthe (PV)
Werkloosheid totaal,2014,14800,Groningen (PV)
Werkloosheid totaal,2014,18660,Fryslân (PV)
Werkloosheid totaal,2014,411470,Nederland
Werkloosheid totaal,2015,13220,Drenthe (PV)
Werkloosheid totaal,2015,14130,Groningen (PV)
Werkloosheid totaal,2015,17430,Fryslân (PV)
Werkloosheid totaal,2015,393020,Nederland
Werkloosheid totaal,2016,12280,Drenthe (PV)
Werkloosheid totaal,2016,13270,Groningen (PV)
Werkloosheid totaal,2016,15820,Fryslân (PV)
Werkloosheid totaal,2016,362900,Nederland
Werkloosheid totaal,2017,10260,Drenthe (PV)
Werkloosheid totaal,2017,10850,Groningen (PV)
Werkloosheid totaal,2017,12670,Fryslân (PV)
Werkloosheid totaal,2017,307430,Nederland
Werkloosheid totaal,2018,10360,Fryslân (PV)
Werkloosheid totaal,2018,254480,Nederland
Werkloosheid totaal,2018,8130,Drenthe (PV)
Werkloosheid totaal,2018,8790,Groningen (PV)
Werkloosheid totaal,2019,221610,Nederland
Werkloosheid totaal,2019,6950,Drenthe (PV)
Werkloosheid totaal,2019,7650,Groningen (PV)
Werkloosheid totaal,2019,9300,Fryslân (PV)
Werkloosheid totaal,2020,NA,Drenthe (PV)
Werkloosheid totaal,2020,NA,Fryslân (PV)
Werkloosheid totaal,2020,NA,Groningen (PV)
Werkloosheid totaal,2020,NA,Nederland
Werkloosheid totaal,2021,NA,Drenthe (PV)
Werkloosheid totaal,2021,NA,Fryslân (PV)
Werkloosheid totaal,2021,NA,Groningen (PV)
Werkloosheid totaal,2021,NA,Nederland
Werkzame personen totaal x 1000,1995,1965,Drenthe (PV)
Werkzame personen totaal x 1000,1995,2519,Fryslân (PV)
Werkzame personen totaal x 1000,1995,2603,Groningen (PV)
Werkzame personen totaal x 1000,1995,72710,Nederland
Werkzame personen totaal x 1000,1996,1998,Drenthe (PV)
Werkzame personen totaal x 1000,1996,2565,Fryslân (PV)
Werkzame personen totaal x 1000,1996,2584,Groningen (PV)
Werkzame personen totaal x 1000,1996,74180,Nederland
Werkzame personen totaal x 1000,1997,2057,Drenthe (PV)
Werkzame personen totaal x 1000,1997,2599,Fryslân (PV)
Werkzame personen totaal x 1000,1997,2654,Groningen (PV)
Werkzame personen totaal x 1000,1997,76500,Nederland
Werkzame personen totaal x 1000,1998,2058,Drenthe (PV)
Werkzame personen totaal x 1000,1998,2656,Groningen (PV)
Werkzame personen totaal x 1000,1998,2682,Fryslân (PV)
Werkzame personen totaal x 1000,1998,78300,Nederland
Werkzame personen totaal x 1000,1999,2101,Drenthe (PV)
Werkzame personen totaal x 1000,1999,2687,Groningen (PV)
Werkzame personen totaal x 1000,1999,2768,Fryslân (PV)
Werkzame personen totaal x 1000,1999,80550,Nederland
Werkzame personen totaal x 1000,2000,2112,Drenthe (PV)
Werkzame personen totaal x 1000,2000,2709,Groningen (PV)
Werkzame personen totaal x 1000,2000,2796,Fryslân (PV)
Werkzame personen totaal x 1000,2000,82020,Nederland
Werkzame personen totaal x 1000,2001,2157,Drenthe (PV)
Werkzame personen totaal x 1000,2001,2673,Groningen (PV)
Werkzame personen totaal x 1000,2001,2764,Fryslân (PV)
Werkzame personen totaal x 1000,2001,83670,Nederland
Werkzame personen totaal x 1000,2002,2241,Drenthe (PV)
Werkzame personen totaal x 1000,2002,2692,Groningen (PV)
Werkzame personen totaal x 1000,2002,2799,Fryslân (PV)
Werkzame personen totaal x 1000,2002,84260,Nederland
Werkzame personen totaal x 1000,2003,2206,Drenthe (PV)
Werkzame personen totaal x 1000,2003,2716,Groningen (PV)
Werkzame personen totaal x 1000,2003,2822,Fryslân (PV)
Werkzame personen totaal x 1000,2003,83810,Nederland
Werkzame personen totaal x 1000,2004,2166,Drenthe (PV)
Werkzame personen totaal x 1000,2004,2673,Groningen (PV)
Werkzame personen totaal x 1000,2004,2811,Fryslân (PV)
Werkzame personen totaal x 1000,2004,82830,Nederland
Werkzame personen totaal x 1000,2005,2201,Drenthe (PV)
Werkzame personen totaal x 1000,2005,2690,Groningen (PV)
Werkzame personen totaal x 1000,2005,2846,Fryslân (PV)
Werkzame personen totaal x 1000,2005,83400,Nederland
Werkzame personen totaal x 1000,2006,2235,Drenthe (PV)
Werkzame personen totaal x 1000,2006,2697,Groningen (PV)
Werkzame personen totaal x 1000,2006,2857,Fryslân (PV)
Werkzame personen totaal x 1000,2006,85220,Nederland
Werkzame personen totaal x 1000,2007,2281,Drenthe (PV)
Werkzame personen totaal x 1000,2007,2743,Groningen (PV)
Werkzame personen totaal x 1000,2007,2915,Fryslân (PV)
Werkzame personen totaal x 1000,2007,87710,Nederland
Werkzame personen totaal x 1000,2008,2347,Drenthe (PV)
Werkzame personen totaal x 1000,2008,2761,Groningen (PV)
Werkzame personen totaal x 1000,2008,2937,Fryslân (PV)
Werkzame personen totaal x 1000,2008,89140,Nederland
Werkzame personen totaal x 1000,2009,2267,Drenthe (PV)
Werkzame personen totaal x 1000,2009,2739,Groningen (PV)
Werkzame personen totaal x 1000,2009,2882,Fryslân (PV)
Werkzame personen totaal x 1000,2009,88400,Nederland
Werkzame personen totaal x 1000,2010,2298,Drenthe (PV)
Werkzame personen totaal x 1000,2010,2786,Groningen (PV)
Werkzame personen totaal x 1000,2010,3056,Fryslân (PV)
Werkzame personen totaal x 1000,2010,87770,Nederland
Werkzame personen totaal x 1000,2011,2292,Drenthe (PV)
Werkzame personen totaal x 1000,2011,2822,Groningen (PV)
Werkzame personen totaal x 1000,2011,3086,Fryslân (PV)
Werkzame personen totaal x 1000,2011,88550,Nederland
Werkzame personen totaal x 1000,2012,2305,Drenthe (PV)
Werkzame personen totaal x 1000,2012,2789,Groningen (PV)
Werkzame personen totaal x 1000,2012,3071,Fryslân (PV)
Werkzame personen totaal x 1000,2012,88360,Nederland
Werkzame personen totaal x 1000,2013,2284,Drenthe (PV)
Werkzame personen totaal x 1000,2013,2755,Groningen (PV)
Werkzame personen totaal x 1000,2013,2975,Fryslân (PV)
Werkzame personen totaal x 1000,2013,87330,Nederland
Werkzame personen totaal x 1000,2014,2279,Drenthe (PV)
Werkzame personen totaal x 1000,2014,2752,Groningen (PV)
Werkzame personen totaal x 1000,2014,3000,Fryslân (PV)
Werkzame personen totaal x 1000,2014,87230,Nederland
Werkzame personen totaal x 1000,2015,2261,Drenthe (PV)
Werkzame personen totaal x 1000,2015,2771,Groningen (PV)
Werkzame personen totaal x 1000,2015,2975,Fryslân (PV)
Werkzame personen totaal x 1000,2015,88076,Nederland
Werkzame personen totaal x 1000,2016,2239,Drenthe (PV)
Werkzame personen totaal x 1000,2016,2844,Groningen (PV)
Werkzame personen totaal x 1000,2016,3031,Fryslân (PV)
Werkzame personen totaal x 1000,2016,89432,Nederland
Werkzame personen totaal x 1000,2017,2290,Drenthe (PV)
Werkzame personen totaal x 1000,2017,2918,Groningen (PV)
Werkzame personen totaal x 1000,2017,3075,Fryslân (PV)
Werkzame personen totaal x 1000,2017,91569,Nederland
Werkzame personen totaal x 1000,2018,2325,Drenthe (PV)
Werkzame personen totaal x 1000,2018,2952,Groningen (PV)
Werkzame personen totaal x 1000,2018,3113,Fryslân (PV)
Werkzame personen totaal x 1000,2018,94076,Nederland
Werkzame personen totaal x 1000,2019*,2367,Drenthe (PV)
Werkzame personen totaal x 1000,2019*,3004,Groningen (PV)
Werkzame personen totaal x 1000,2019*,3172,Fryslân (PV)
Werkzame personen totaal x 1000,2019*,95915,Nederland
Werkzame personen totaal x 1000,2020*,2354,Drenthe (PV)
Werkzame personen totaal x 1000,2020*,2990,Groningen (PV)
Werkzame personen totaal x 1000,2020*,3165,Fryslân (PV)
Werkzame personen totaal x 1000,2020*,95441,Nederland
