"Bevolkingsontwikkeling; regio per maand";;;;;;;;;;;;;;;;;;;;;
;;;;;;;;;;;;;;;;;;;;;
;;;Perioden;;;;;;;;;;;;;;;;;;
Regio's;Onderwerp;measurement ;2002;2003;2004;2005;2006;2007;2008;2009;2010;2011;2012;2013;2014;2015;2016;2017;2018;2019;2020
Groningen (PV);Bevolking aan het begin van de periode;aantal;570480;572997;574384;575072;574042;573614;573459;574092;576668;579036;580875;581705;582728;583942;583721;583581;582944;583990;585866
Groningen (PV);Levend geboren kinderen;aantal;6523;6438;6141;5943;5838;5677;5908;5910;5732;5853;5604;5326;5414;5329;5406;5092;4933;5042;4956
Groningen (PV);Overledenen;aantal;5550;5552;5311;5216;5258;5020;5278;5231;5331;5249;5460;5387;5325;5481;5583;5664;5650;5500;5716
Groningen (PV);Vestiging in de gemeente |Totale vestiging;aantal;33358;31838;31086;32288;33065;33785;34660;33341;32597;34091;34721;35120;38723;42363;45910;42977;48491;45663;43955
Groningen (PV);Vestiging in de gemeente |Vestiging vanuit een andere gemeente;aantal;28156;28323;27583;28979;29973;30255;30104;28010;26542;27928;28474;28526;29746;30752;33754;33934;31393;28999;29912
Groningen (PV);Vestiging in de gemeente |Immigratie;aantal;5202;3515;3503;3309;3092;3530;4556;5331;6055;6163;6247;6594;8977;11611;12156;9043;17098;16664;14043
Groningen (PV);Vertrek uit de gemeente|Totaal vertrek (incl. adm. correcties);aantal;31886;31550;31407;34119;34251;34784;34826;31530;30629;32859;34040;34042;37592;42454;45855;43022;46747;43350;42152
Groningen (PV);Vertrek uit de gemeente|Vertrek naar andere gemeente;aantal;28843;28156;27689;29725;30187;30762;31164;27693;26533;27686;28582;28845;31657;36636;39880;36871;41138;37111;35746
Groningen (PV);Vertrek uit de gemeente|Emigratie inclusief adm. correcties;aantal;3043;3394;3718;4394;4064;4022;3662;3837;4096;5173;5458;5197;5935;5818;5975;6151;5609;6239;6406
Groningen (PV);Overige correcties;aantal;72;213;179;74;178;187;169;86;-1;3;5;6;-6;22;-18;-20;19;21;28
Groningen (PV);Bevolkingsgroei|Bevolkingsgroei;aantal;2517;1387;688;-1030;-428;-155;633;2576;2368;1839;830;1023;1214;-221;-140;-637;1046;1876;1071
Groningen (PV);Bevolkingsgroei|Bevolkingsgroei, relatief;%;0,44;0,24;0,12;-0,18;-0,07;-0,03;0,11;0,45;0,41;0,32;0,14;0,18;0,21;-0,04;-0,02;-0,11;0,18;0,32;0,18
Groningen (PV);Bevolkingsgroei|Bevolkingsgroei sinds 1 januari;aantal;2517;1387;688;-1030;-428;-155;633;2576;2368;1839;830;1023;1214;-221;-140;-637;1046;1876;1071
Groningen (PV);Bevolkingsgroei|Bevolkingsgroei sinds 1 januari, rela...;%;0,44;0,24;0,12;-0,18;-0,07;-0,03;0,11;0,45;0,41;0,32;0,14;0,18;0,21;-0,04;-0,02;-0,11;0,18;0,32;0,18
Groningen (PV);Bevolking aan het einde van de periode;aantal;572997;574384;575072;574042;573614;573459;574092;576668;579036;580875;581705;582728;583942;583721;583581;582944;583990;585866;586937
Fryslân (PV);Bevolking aan het begin van de periode;aantal;636184;639787;642066;642977;642230;642209;643189;644811;646305;647282;647214;646862;646317;646257;646040;646874;647268;647672;649957
Fryslân (PV);Levend geboren kinderen;aantal;7987;7932;7551;7377;7233;7059;7026;7109;7012;6655;6502;6263;6310;6011;6017;5967;5779;5957;5841
Fryslân (PV);Overledenen;aantal;5904;5793;5638;5606;5923;5448;5574;5624;5588;5606;5882;5937;5783;6059;6286;6264;6426;6256;6453
Fryslân (PV);Vestiging in de gemeente |Totale vestiging;aantal;30497;29126;27904;28371;28613;28390;29636;26787;26582;25883;25652;26551;27969;28429;31491;32687;30969;31402;30955
Fryslân (PV);Vestiging in de gemeente |Vestiging vanuit een andere gemeente;aantal;26099;26136;25631;26457;26357;25648;25965;23263;23057;22559;22506;23292;24226;24839;27908;29218;26929;26905;27442
Fryslân (PV);Vestiging in de gemeente |Immigratie;aantal;4398;2990;2273;1914;2256;2742;3671;3524;3525;3324;3146;3259;3743;3590;3583;3469;4040;4497;3513
Fryslân (PV);Vertrek uit de gemeente|Totaal vertrek (incl. adm. correcties);aantal;28939;29128;28950;30975;30048;29070;29561;26803;27060;26941;26631;27470;28532;28602;30374;31991;29920;28816;28848
Fryslân (PV);Vertrek uit de gemeente|Vertrek naar andere gemeente;aantal;26954;26632;26408;27947;26893;26866;26953;24801;24775;24232;23925;24849;25665;26167;27747;29067;27107;26140;26316
Fryslân (PV);Vertrek uit de gemeente|Emigratie inclusief adm. correcties;aantal;1985;2496;2542;3028;3155;2204;2608;2002;2285;2709;2706;2621;2867;2435;2627;2924;2813;2676;2532
Fryslân (PV);Overige correcties;aantal;-38;142;44;86;104;49;95;25;31;-59;7;48;-24;4;-14;-5;2;-2;-17
Fryslân (PV);Bevolkingsgroei|Bevolkingsgroei;aantal;3603;2279;911;-747;-21;980;1622;1494;977;-68;-352;-545;-60;-217;834;394;404;2285;1478
Fryslân (PV);Bevolkingsgroei|Bevolkingsgroei, relatief;%;0,57;0,36;0,14;-0,12;0,00;0,15;0,25;0,23;0,15;-0,01;-0,05;-0,08;-0,01;-0,03;0,13;0,06;0,06;0,35;0,23
Fryslân (PV);Bevolkingsgroei|Bevolkingsgroei sinds 1 januari;aantal;3603;2279;911;-747;-21;980;1622;1494;977;-68;-352;-545;-60;-217;834;394;404;2285;1478
Fryslân (PV);Bevolkingsgroei|Bevolkingsgroei sinds 1 januari, rela...;%;0,57;0,36;0,14;-0,12;0,00;0,15;0,25;0,23;0,15;-0,01;-0,05;-0,08;-0,01;-0,03;0,13;0,06;0,06;0,35;0,23
Fryslân (PV);Bevolking aan het einde van de periode;aantal;639787;642066;642977;642230;642209;643189;644811;646305;647282;647214;646862;646317;646257;646040;646874;647268;647672;649957;651435
Drenthe (PV);Bevolking aan het begin van de periode;aantal;478799;481254;482415;483369;484481;486197;488135;489918;490981;491411;490807;489918;488988;488576;488629;491792;492100;492167;493682
Drenthe (PV);Levend geboren kinderen;aantal;5763;5516;5320;5099;5013;4858;4914;5022;4750;4616;4406;4174;4302;4029;4208;4191;3992;4110;4135
Drenthe (PV);Overledenen;aantal;4633;4495;4407;4349;4346;4392;4513;4524;4616;4667;4840;4789;4617;4975;5084;5202;5340;5143;5551
Drenthe (PV);Vestiging in de gemeente |Totale vestiging;aantal;21712;19830;19320;20467;20768;21141;20749;18694;17944;17957;18563;18380;19059;22609;34140;42542;25116;24963;24698
Drenthe (PV);Vestiging in de gemeente |Vestiging vanuit een andere gemeente;aantal;18727;17879;17817;19045;19283;19354;18770;16318;15613;15761;16570;16309;16860;18826;21844;23340;22655;22263;22808
Drenthe (PV);Vestiging in de gemeente |Immigratie;aantal;2985;1951;1503;1422;1485;1787;1979;2376;2331;2196;1993;2071;2199;3783;12296;19202;2461;2700;1890
Drenthe (PV);Vertrek uit de gemeente|Totaal vertrek (incl. adm. correcties);aantal;20322;19878;19423;20191;19835;19759;19469;18138;17613;18529;19018;18693;19163;21599;30115;41193;23676;22368;22165
Drenthe (PV);Vertrek uit de gemeente|Vertrek naar andere gemeente;aantal;18266;17715;17692;18010;18094;18010;17702;16379;15916;16600;17291;17153;17511;19888;28444;39762;22032;20701;20883
Drenthe (PV);Vertrek uit de gemeente|Emigratie inclusief adm. correcties;aantal;2056;2163;1731;2181;1741;1749;1767;1759;1697;1929;1727;1540;1652;1711;1671;1431;1644;1667;1282
Drenthe (PV);Overige correcties;aantal;-65;188;144;86;116;90;102;9;-35;19;0;-2;7;-11;14;-30;-25;-47;-28
Drenthe (PV);Bevolkingsgroei|Bevolkingsgroei;aantal;2455;1161;954;1112;1716;1938;1783;1063;430;-604;-889;-930;-412;53;3163;308;67;1515;1089
Drenthe (PV);Bevolkingsgroei|Bevolkingsgroei, relatief;%;0,51;0,24;0,20;0,23;0,35;0,40;0,37;0,22;0,09;-0,12;-0,18;-0,19;-0,08;0,01;0,65;0,06;0,01;0,31;0,22
Drenthe (PV);Bevolkingsgroei|Bevolkingsgroei sinds 1 januari;aantal;2455;1161;954;1112;1716;1938;1783;1063;430;-604;-889;-930;-412;53;3163;308;67;1515;1089
Drenthe (PV);Bevolkingsgroei|Bevolkingsgroei sinds 1 januari, rela...;%;0,51;0,24;0,20;0,23;0,35;0,40;0,37;0,22;0,09;-0,12;-0,18;-0,19;-0,08;0,01;0,65;0,06;0,01;0,31;0,22
Drenthe (PV);Bevolking aan het einde van de periode;aantal;481254;482415;483369;484481;486197;488135;489918;490981;491411;490807;489918;488988;488576;488629;491792;492100;492167;493682;494771
