﻿"Bevolking; geslacht, leeftijd, nationaliteit en regio, 1 januari"
"Age: Total"
"Subject: |Population"
"Nationality: Total"
"";""
"Sex";"Periods";"Regions";"number"
"Men";"1995";"The Netherlands";"7627482"
"Men";"1995";"Northern Netherlands (LD)";"805845"
"Men";"1995";"Groningen (PV)";"275964"
"Men";"1995";"Friesland (PV)";"303812"
"Men";"1995";"Drenthe (PV)";"226069"
"Men";"1995";"East Groningen (CR)";"75085"
"Men";"1995";"Delfzijl and surroundings (CR)";"26917"
"Men";"1995";"Other Groningen (CR)";"173962"
"Men";"1995";"North Frisia (CR)";"159491"
"Men";"1995";"Southwest Friesland (CR)";"48665"
"Men";"1995";"Southeast Frisia (CR)";"95656"
"Men";"1995";"North Drenthe (CR)";"80586"
"Men";"1995";"Southeast Drenthe (CR)";"75419"
"Men";"1995";"Southwest Drenthe (CR)";"70064"
"Men";"1996";"The Netherlands";"7662289"
"Men";"1996";"Northern Netherlands (LD)";"808568"
"Men";"1996";"Groningen (PV)";"276247"
"Men";"1996";"Friesland (PV)";"305055"
"Men";"1996";"Drenthe (PV)";"227266"
"Men";"1996";"East Groningen (CR)";"75211"
"Men";"1996";"Delfzijl and surroundings (CR)";"26932"
"Men";"1996";"Other Groningen (CR)";"174104"
"Men";"1996";"North Frisia (CR)";"160088"
"Men";"1996";"Southwest Friesland (CR)";"48962"
"Men";"1996";"Southeast Frisia (CR)";"96005"
"Men";"1996";"North Drenthe (CR)";"81117"
"Men";"1996";"Southeast Drenthe (CR)";"75636"
"Men";"1996";"Southwest Drenthe (CR)";"70513"
"Men";"1997";"The Netherlands";"7696803"
"Men";"1997";"Northern Netherlands (LD)";"811812"
"Men";"1997";"Groningen (PV)";"276380"
"Men";"1997";"Friesland (PV)";"306651"
"Men";"1997";"Drenthe (PV)";"228781"
"Men";"1997";"East Groningen (CR)";"75421"
"Men";"1997";"Delfzijl and surroundings (CR)";"26715"
"Men";"1997";"Other Groningen (CR)";"174244"
"Men";"1997";"North Frisia (CR)";"160823"
"Men";"1997";"Southwest Friesland (CR)";"49205"
"Men";"1997";"Southeast Frisia (CR)";"96623"
"Men";"1997";"North Drenthe (CR)";"81614"
"Men";"1997";"Southeast Drenthe (CR)";"75873"
"Men";"1997";"Southwest Drenthe (CR)";"71294"
"Men";"1998";"The Netherlands";"7740074"
"Men";"1998";"Northern Netherlands (LD)";"815272"
"Men";"1998";"Groningen (PV)";"276235"
"Men";"1998";"Friesland (PV)";"308335"
"Men";"1998";"Drenthe (PV)";"230702"
"Men";"1998";"East Groningen (CR)";"75462"
"Men";"1998";"Delfzijl and surroundings (CR)";"26408"
"Men";"1998";"Other Groningen (CR)";"174365"
"Men";"1998";"North Frisia (CR)";"161032"
"Men";"1998";"Southwest Friesland (CR)";"49960"
"Men";"1998";"Southeast Frisia (CR)";"97343"
"Men";"1998";"North Drenthe (CR)";"86937"
"Men";"1998";"Southeast Drenthe (CR)";"82273"
"Men";"1998";"Southwest Drenthe (CR)";"61492"
"Men";"1999";"The Netherlands";"7793271"
"Men";"1999";"Northern Netherlands (LD)";"819144"
"Men";"1999";"Groningen (PV)";"277261"
"Men";"1999";"Friesland (PV)";"310038"
"Men";"1999";"Drenthe (PV)";"231845"
"Men";"1999";"East Groningen (CR)";"75511"
"Men";"1999";"Delfzijl and surroundings (CR)";"26263"
"Men";"1999";"Other Groningen (CR)";"175487"
"Men";"1999";"North Frisia (CR)";"161349"
"Men";"1999";"Southwest Friesland (CR)";"50579"
"Men";"1999";"Southeast Frisia (CR)";"98110"
"Men";"1999";"North Drenthe (CR)";"87430"
"Men";"1999";"Southeast Drenthe (CR)";"82584"
"Men";"1999";"Southwest Drenthe (CR)";"61831"
"Men";"2000";"The Netherlands";"7846317"
"Men";"2000";"Northern Netherlands (LD)";"823067"
"Men";"2000";"Groningen (PV)";"278691"
"Men";"2000";"Friesland (PV)";"311504"
"Men";"2000";"Drenthe (PV)";"232872"
"Men";"2000";"East Groningen (CR)";"75738"
"Men";"2000";"Delfzijl and surroundings (CR)";"25959"
"Men";"2000";"Other Groningen (CR)";"176994"
"Men";"2000";"North Frisia (CR)";"161525"
"Men";"2000";"Southwest Friesland (CR)";"51194"
"Men";"2000";"Southeast Frisia (CR)";"98785"
"Men";"2000";"North Drenthe (CR)";"88015"
"Men";"2000";"Southeast Drenthe (CR)";"82926"
"Men";"2000";"Southwest Drenthe (CR)";"61931"
"Men";"2001";"The Netherlands";"7909855"
"Men";"2001";"Northern Netherlands (LD)";"830369"
"Men";"2001";"Groningen (PV)";"280618"
"Men";"2001";"Friesland (PV)";"314591"
"Men";"2001";"Drenthe (PV)";"235160"
"Men";"2001";"East Groningen (CR)";"76250"
"Men";"2001";"Delfzijl and surroundings (CR)";"26004"
"Men";"2001";"Other Groningen (CR)";"178364"
"Men";"2001";"North Frisia (CR)";"162754"
"Men";"2001";"Southwest Friesland (CR)";"51661"
"Men";"2001";"Southeast Frisia (CR)";"100176"
"Men";"2001";"North Drenthe (CR)";"88923"
"Men";"2001";"Southeast Drenthe (CR)";"84084"
"Men";"2001";"Southwest Drenthe (CR)";"62153"
"Men";"2002";"The Netherlands";"7971967"
"Men";"2002";"Northern Netherlands (LD)";"837806"
"Men";"2002";"Groningen (PV)";"282889"
"Men";"2002";"Friesland (PV)";"317582"
"Men";"2002";"Drenthe (PV)";"237335"
"Men";"2002";"East Groningen (CR)";"76455"
"Men";"2002";"Delfzijl and surroundings (CR)";"26069"
"Men";"2002";"Other Groningen (CR)";"180365"
"Men";"2002";"North Frisia (CR)";"164212"
"Men";"2002";"Southwest Friesland (CR)";"52211"
"Men";"2002";"Southeast Frisia (CR)";"101159"
"Men";"2002";"North Drenthe (CR)";"89978"
"Men";"2002";"Southeast Drenthe (CR)";"84738"
"Men";"2002";"Southwest Drenthe (CR)";"62619"
"Men";"2003";"The Netherlands";"8015471"
"Men";"2003";"Northern Netherlands (LD)";"842186"
"Men";"2003";"Groningen (PV)";"284313"
"Men";"2003";"Friesland (PV)";"319483"
"Men";"2003";"Drenthe (PV)";"238390"
"Men";"2003";"East Groningen (CR)";"76533"
"Men";"2003";"Delfzijl and surroundings (CR)";"26155"
"Men";"2003";"Other Groningen (CR)";"181625"
"Men";"2003";"North Frisia (CR)";"165081"
"Men";"2003";"Southwest Friesland (CR)";"52543"
"Men";"2003";"Southeast Frisia (CR)";"101859"
"Men";"2003";"North Drenthe (CR)";"90729"
"Men";"2003";"Southeast Drenthe (CR)";"84776"
"Men";"2003";"Southwest Drenthe (CR)";"62885"
"Men";"2004";"The Netherlands";"8045914"
"Men";"2004";"Northern Netherlands (LD)";"844625"
"Men";"2004";"Groningen (PV)";"285230"
"Men";"2004";"Fryslân (PV)";"320656"
"Men";"2004";"Drenthe (PV)";"238739"
"Men";"2004";"Oost-Groningen (CR)";"76620"
"Men";"2004";"Delfzijl en omgeving (CR)";"26031"
"Men";"2004";"Overig Groningen (CR)";"182579"
"Men";"2004";"Noord-Friesland (CR)";"165629"
"Men";"2004";"Zuidwest-Friesland (CR)";"52518"
"Men";"2004";"Zuidoost-Friesland (CR)";"102509"
"Men";"2004";"Noord-Drenthe (CR)";"90921"
"Men";"2004";"Zuidoost-Drenthe (CR)";"84821"
"Men";"2004";"Zuidwest-Drenthe (CR)";"62997"
"Men";"2005";"Nederland";"8065979"
"Men";"2005";"Noord-Nederland (LD)";"845931"
"Men";"2005";"Groningen (PV)";"285544"
"Men";"2005";"Fryslân (PV)";"321235"
"Men";"2005";"Drenthe (PV)";"239152"
"Men";"2005";"Oost-Groningen (CR)";"76225"
"Men";"2005";"Delfzijl en omgeving (CR)";"25881"
"Men";"2005";"Overig Groningen (CR)";"183438"
"Men";"2005";"Noord-Friesland (CR)";"165999"
"Men";"2005";"Zuidwest-Friesland (CR)";"52570"
"Men";"2005";"Zuidoost-Friesland (CR)";"102666"
"Men";"2005";"Noord-Drenthe (CR)";"91350"
"Men";"2005";"Zuidoost-Drenthe (CR)";"84780"
"Men";"2005";"Zuidwest-Drenthe (CR)";"63022"
"Men";"2006";"Nederland";"8077407"
"Men";"2006";"Noord-Nederland (LD)";"845240"
"Men";"2006";"Groningen (PV)";"285089"
"Men";"2006";"Fryslân (PV)";"320611"
"Men";"2006";"Drenthe (PV)";"239540"
"Men";"2006";"Oost-Groningen (CR)";"76472"
"Men";"2006";"Delfzijl en omgeving (CR)";"25522"
"Men";"2006";"Overig Groningen (CR)";"183095"
"Men";"2006";"Noord-Friesland (CR)";"165655"
"Men";"2006";"Zuidwest-Friesland (CR)";"52603"
"Men";"2006";"Zuidoost-Friesland (CR)";"102353"
"Men";"2006";"Noord-Drenthe (CR)";"91543"
"Men";"2006";"Zuidoost-Drenthe (CR)";"84739"
"Men";"2006";"Zuidwest-Drenthe (CR)";"63258"
"Men";"2007";"Nederland";"8088514"
"Men";"2007";"Noord-Nederland (LD)";"845590"
"Men";"2007";"Groningen (PV)";"284791"
"Men";"2007";"Fryslân (PV)";"320383"
"Men";"2007";"Drenthe (PV)";"240416"
"Men";"2007";"Oost-Groningen (CR)";"76223"
"Men";"2007";"Delfzijl en omgeving (CR)";"25212"
"Men";"2007";"Overig Groningen (CR)";"183356"
"Men";"2007";"Noord-Friesland (CR)";"165335"
"Men";"2007";"Zuidwest-Friesland (CR)";"52699"
"Men";"2007";"Zuidoost-Friesland (CR)";"102349"
"Men";"2007";"Noord-Drenthe (CR)";"91982"
"Men";"2007";"Zuidoost-Drenthe (CR)";"84886"
"Men";"2007";"Zuidwest-Drenthe (CR)";"63548"
"Men";"2008";"Nederland";"8112073"
"Men";"2008";"Noord-Nederland (LD)";"846989"
"Men";"2008";"Groningen (PV)";"284678"
"Men";"2008";"Fryslân (PV)";"321102"
"Men";"2008";"Drenthe (PV)";"241209"
"Men";"2008";"Oost-Groningen (CR)";"75879"
"Men";"2008";"Delfzijl en omgeving (CR)";"24954"
"Men";"2008";"Overig Groningen (CR)";"183845"
"Men";"2008";"Noord-Friesland (CR)";"165441"
"Men";"2008";"Zuidwest-Friesland (CR)";"52854"
"Men";"2008";"Zuidoost-Friesland (CR)";"102807"
"Men";"2008";"Noord-Drenthe (CR)";"92559"
"Men";"2008";"Zuidoost-Drenthe (CR)";"84914"
"Men";"2008";"Zuidwest-Drenthe (CR)";"63736"
"Men";"2009";"Nederland";"8156396"
"Men";"2009";"Noord-Nederland (LD)";"849067"
"Men";"2009";"Groningen (PV)";"284981"
"Men";"2009";"Fryslân (PV)";"322015"
"Men";"2009";"Drenthe (PV)";"242071"
"Men";"2009";"Oost-Groningen (CR)";"75454"
"Men";"2009";"Delfzijl en omgeving (CR)";"24548"
"Men";"2009";"Overig Groningen (CR)";"184979"
"Men";"2009";"Noord-Friesland (CR)";"165797"
"Men";"2009";"Zuidwest-Friesland (CR)";"53028"
"Men";"2009";"Zuidoost-Friesland (CR)";"103190"
"Men";"2009";"Noord-Drenthe (CR)";"93008"
"Men";"2009";"Zuidoost-Drenthe (CR)";"84994"
"Men";"2009";"Zuidwest-Drenthe (CR)";"64069"
"Men";"2010";"Nederland";"8203476"
"Men";"2010";"Noord-Nederland (LD)";"852184"
"Men";"2010";"Groningen (PV)";"286495"
"Men";"2010";"Fryslân (PV)";"322911"
"Men";"2010";"Drenthe (PV)";"242778"
"Men";"2010";"Oost-Groningen (CR)";"75464"
"Men";"2010";"Delfzijl en omgeving (CR)";"24440"
"Men";"2010";"Overig Groningen (CR)";"186591"
"Men";"2010";"Noord-Friesland (CR)";"166144"
"Men";"2010";"Zuidwest-Friesland (CR)";"53244"
"Men";"2010";"Zuidoost-Friesland (CR)";"103523"
"Men";"2010";"Noord-Drenthe (CR)";"93197"
"Men";"2010";"Zuidoost-Drenthe (CR)";"85161"
"Men";"2010";"Zuidwest-Drenthe (CR)";"64420"
"Men";"2011";"Nederland";"8243482"
"Men";"2011";"Noord-Nederland (LD)";"854447"
"Men";"2011";"Groningen (PV)";"287924"
"Men";"2011";"Fryslân (PV)";"323439"
"Men";"2011";"Drenthe (PV)";"243084"
"Men";"2011";"Oost-Groningen (CR)";"75349"
"Men";"2011";"Delfzijl en omgeving (CR)";"24509"
"Men";"2011";"Overig Groningen (CR)";"188066"
"Men";"2011";"Noord-Friesland (CR)";"166584"
"Men";"2011";"Zuidwest-Friesland (CR)";"53319"
"Men";"2011";"Zuidoost-Friesland (CR)";"103536"
"Men";"2011";"Noord-Drenthe (CR)";"93581"
"Men";"2011";"Zuidoost-Drenthe (CR)";"84962"
"Men";"2011";"Zuidwest-Drenthe (CR)";"64541"
"Men";"2012";"Nederland";"8282871"
"Men";"2012";"Noord-Nederland (LD)";"855383"
"Men";"2012";"Groningen (PV)";"288754"
"Men";"2012";"Fryslân (PV)";"323495"
"Men";"2012";"Drenthe (PV)";"243134"
"Men";"2012";"Oost-Groningen (CR)";"74935"
"Men";"2012";"Delfzijl en omgeving (CR)";"24261"
"Men";"2012";"Overig Groningen (CR)";"189558"
"Men";"2012";"Noord-Friesland (CR)";"166583"
"Men";"2012";"Zuidwest-Friesland (CR)";"53338"
"Men";"2012";"Zuidoost-Friesland (CR)";"103574"
"Men";"2012";"Noord-Drenthe (CR)";"93757"
"Men";"2012";"Zuidoost-Drenthe (CR)";"84723"
"Men";"2012";"Zuidwest-Drenthe (CR)";"64654"
"Men";"2013";"Nederland";"8307339"
"Men";"2013";"Noord-Nederland (LD)";"855474"
"Men";"2013";"Groningen (PV)";"289275"
"Men";"2013";"Fryslân (PV)";"323442"
"Men";"2013";"Drenthe (PV)";"242757"
"Men";"2013";"Oost-Groningen (CR)";"74429"
"Men";"2013";"Delfzijl en omgeving (CR)";"24075"
"Men";"2013";"Overig Groningen (CR)";"190771"
"Men";"2013";"Noord-Friesland (CR)";"166756"
"Men";"2013";"Zuidwest-Friesland (CR)";"53287"
"Men";"2013";"Zuidoost-Friesland (CR)";"103399"
"Men";"2013";"Noord-Drenthe (CR)";"93693"
"Men";"2013";"Zuidoost-Drenthe (CR)";"84310"
"Men";"2013";"Zuidwest-Drenthe (CR)";"64754"
"Men";"2014";"Nederland";"8334385"
"Men";"2014";"Noord-Nederland (LD)";"855292"
"Men";"2014";"Groningen (PV)";"289820"
"Men";"2014";"Fryslân (PV)";"323242"
"Men";"2014";"Drenthe (PV)";"242230"
"Men";"2014";"Oost-Groningen (CR)";"73972"
"Men";"2014";"Delfzijl en omgeving (CR)";"23866"
"Men";"2014";"Overig Groningen (CR)";"191982"
"Men";"2014";"Noord-Friesland (CR)";"162516"
"Men";"2014";"Zuidwest-Friesland (CR)";"67968"
"Men";"2014";"Zuidoost-Friesland (CR)";"92758"
"Men";"2014";"Noord-Drenthe (CR)";"93708"
"Men";"2014";"Zuidoost-Drenthe (CR)";"84027"
"Men";"2014";"Zuidwest-Drenthe (CR)";"64495"
"Men";"2015";"Nederland";"8372858"
"Men";"2015";"Noord-Nederland (LD)";"856500"
"Men";"2015";"Groningen (PV)";"290840"
"Men";"2015";"Fryslân (PV)";"323398"
"Men";"2015";"Drenthe (PV)";"242262"
"Men";"2015";"Oost-Groningen (CR)";"74279"
"Men";"2015";"Delfzijl en omgeving (CR)";"23688"
"Men";"2015";"Overig Groningen (CR)";"192873"
"Men";"2015";"Noord-Friesland (CR)";"162542"
"Men";"2015";"Zuidwest-Friesland (CR)";"67904"
"Men";"2015";"Zuidoost-Friesland (CR)";"92952"
"Men";"2015";"Noord-Drenthe (CR)";"93704"
"Men";"2015";"Zuidoost-Drenthe (CR)";"83824"
"Men";"2015";"Zuidwest-Drenthe (CR)";"64734"
"Men";"2016";"Nederland";"8417135"
"Men";"2016";"Noord-Nederland (LD)";"856917"
"Men";"2016";"Groningen (PV)";"291058"
"Men";"2016";"Fryslân (PV)";"323376"
"Men";"2016";"Drenthe (PV)";"242483"
"Men";"2016";"Oost-Groningen (CR)";"74167"
"Men";"2016";"Delfzijl en omgeving (CR)";"23453"
"Men";"2016";"Overig Groningen (CR)";"193438"
"Men";"2016";"Noord-Friesland (CR)";"162571"
"Men";"2016";"Zuidwest-Friesland (CR)";"67922"
"Men";"2016";"Zuidoost-Friesland (CR)";"92883"
"Men";"2016";"Noord-Drenthe (CR)";"93829"
"Men";"2016";"Zuidoost-Drenthe (CR)";"83725"
"Men";"2016";"Zuidwest-Drenthe (CR)";"64929"
"Men";"2017";"Nederland";"8475102"
"Men";"2017";"Noord-Nederland (LD)";"859337"
"Men";"2017";"Groningen (PV)";"291291"
"Men";"2017";"Fryslân (PV)";"324048"
"Men";"2017";"Drenthe (PV)";"243998"
"Men";"2017";"Oost-Groningen (CR)";"73539"
"Men";"2017";"Delfzijl en omgeving (CR)";"23383"
"Men";"2017";"Overig Groningen (CR)";"194369"
"Men";"2017";"Noord-Friesland (CR)";"162847"
"Men";"2017";"Zuidwest-Friesland (CR)";"68171"
"Men";"2017";"Zuidoost-Friesland (CR)";"93030"
"Men";"2017";"Noord-Drenthe (CR)";"95222"
"Men";"2017";"Zuidoost-Drenthe (CR)";"83701"
"Men";"2017";"Zuidwest-Drenthe (CR)";"65075"
"Men";"2018";"Nederland";"8527041"
"Men";"2018";"Noord-Nederland (LD)";"859645"
"Men";"2018";"Groningen (PV)";"290938"
"Men";"2018";"Fryslân (PV)";"324491"
"Men";"2018";"Drenthe (PV)";"244216"
"Men";"2018";"Oost-Groningen (CR)";"67094"
"Men";"2018";"Delfzijl en omgeving (CR)";"23165"
"Men";"2018";"Overig Groningen (CR)";"200679"
"Men";"2018";"Noord-Friesland (CR)";"160186"
"Men";"2018";"Zuidwest-Friesland (CR)";"71093"
"Men";"2018";"Zuidoost-Friesland (CR)";"93212"
"Men";"2018";"Noord-Drenthe (CR)";"95070"
"Men";"2018";"Zuidoost-Drenthe (CR)";"83543"
"Men";"2018";"Zuidwest-Drenthe (CR)";"65603"
"Men";"2019";"Nederland";"8581086"
"Men";"2019";"Noord-Nederland (LD)";"860658"
"Men";"2019";"Groningen (PV)";"291436"
"Men";"2019";"Fryslân (PV)";"324666"
"Men";"2019";"Drenthe (PV)";"244556"
"Men";"2019";"Oost-Groningen (CR)";"67170"
"Men";"2019";"Delfzijl en omgeving (CR)";"23009"
"Men";"2019";"Overig Groningen (CR)";"201257"
"Men";"2019";"Noord-Friesland (CR)";"160222"
"Men";"2019";"Zuidwest-Friesland (CR)";"70969"
"Men";"2019";"Zuidoost-Friesland (CR)";"93475"
"Men";"2019";"Noord-Drenthe (CR)";"94955"
"Men";"2019";"Zuidoost-Drenthe (CR)";"83695"
"Men";"2019";"Zuidwest-Drenthe (CR)";"65906"
"Men";"2020";"Nederland";"8648031"
"Men";"2020";"Noord-Nederland (LD)";"863870"
"Men";"2020";"Groningen (PV)";"292444"
"Men";"2020";"Fryslân (PV)";"325951"
"Men";"2020";"Drenthe (PV)";"245475"
"Men";"2020";"Oost-Groningen (CR)";"67320"
"Men";"2020";"Delfzijl en omgeving (CR)";"22930"
"Men";"2020";"Overig Groningen (CR)";"202194"
"Men";"2020";"Noord-Friesland (CR)";"160935"
"Men";"2020";"Zuidwest-Friesland (CR)";"71232"
"Men";"2020";"Zuidoost-Friesland (CR)";"93784"
"Men";"2020";"Noord-Drenthe (CR)";"95445"
"Men";"2020";"Zuidoost-Drenthe (CR)";"83744"
"Men";"2020";"Zuidwest-Drenthe (CR)";"66286"
"Men";"2021";"Nederland";"8686536"
"Men";"2021";"Noord-Nederland (LD)";"866176"
"Men";"2021";"Groningen (PV)";"293361"
"Men";"2021";"Fryslân (PV)";"326788"
"Men";"2021";"Drenthe (PV)";"246027"
"Men";"2021";"Oost-Groningen (CR)";"67780"
"Men";"2021";"Delfzijl en omgeving (CR)";"22841"
"Men";"2021";"Overig Groningen (CR)";"202740"
"Men";"2021";"Noord-Friesland (CR)";"161452"
"Men";"2021";"Zuidwest-Friesland (CR)";"71350"
"Men";"2021";"Zuidoost-Friesland (CR)";"93986"
"Men";"2021";"Noord-Drenthe (CR)";"95701"
"Men";"2021";"Zuidoost-Drenthe (CR)";"83734"
"Men";"2021";"Zuidwest-Drenthe (CR)";"66592"
"Vrouwen";"1995";"Nederland";"7796640"
"Vrouwen";"1995";"Noord-Nederland (LD)";"816593"
"Vrouwen";"1995";"Groningen (PV)";"282031"
"Vrouwen";"1995";"Fryslân (PV)";"305767"
"Vrouwen";"1995";"Drenthe (PV)";"228795"
"Vrouwen";"1995";"Oost-Groningen (CR)";"76611"
"Vrouwen";"1995";"Delfzijl en omgeving (CR)";"27322"
"Vrouwen";"1995";"Overig Groningen (CR)";"178098"
"Vrouwen";"1995";"Noord-Friesland (CR)";"159980"
"Vrouwen";"1995";"Zuidwest-Friesland (CR)";"48613"
"Vrouwen";"1995";"Zuidoost-Friesland (CR)";"97174"
"Vrouwen";"1995";"Noord-Drenthe (CR)";"82044"
"Vrouwen";"1995";"Zuidoost-Drenthe (CR)";"76164"
"Vrouwen";"1995";"Zuidwest-Drenthe (CR)";"70587"
"Vrouwen";"1996";"Nederland";"7831600"
"Vrouwen";"1996";"Noord-Nederland (LD)";"818889"
"Vrouwen";"1996";"Groningen (PV)";"281866"
"Vrouwen";"1996";"Fryslân (PV)";"306973"
"Vrouwen";"1996";"Drenthe (PV)";"230050"
"Vrouwen";"1996";"Oost-Groningen (CR)";"76847"
"Vrouwen";"1996";"Delfzijl en omgeving (CR)";"27325"
"Vrouwen";"1996";"Overig Groningen (CR)";"177694"
"Vrouwen";"1996";"Noord-Friesland (CR)";"160516"
"Vrouwen";"1996";"Zuidwest-Friesland (CR)";"48941"
"Vrouwen";"1996";"Zuidoost-Friesland (CR)";"97516"
"Vrouwen";"1996";"Noord-Drenthe (CR)";"82414"
"Vrouwen";"1996";"Zuidoost-Drenthe (CR)";"76564"
"Vrouwen";"1996";"Zuidwest-Drenthe (CR)";"71072"
"Vrouwen";"1997";"Nederland";"7870304"
"Vrouwen";"1997";"Noord-Nederland (LD)";"822174"
"Vrouwen";"1997";"Groningen (PV)";"281744"
"Vrouwen";"1997";"Fryslân (PV)";"308394"
"Vrouwen";"1997";"Drenthe (PV)";"232036"
"Vrouwen";"1997";"Oost-Groningen (CR)";"77096"
"Vrouwen";"1997";"Delfzijl en omgeving (CR)";"27223"
"Vrouwen";"1997";"Overig Groningen (CR)";"177425"
"Vrouwen";"1997";"Noord-Friesland (CR)";"161124"
"Vrouwen";"1997";"Zuidwest-Friesland (CR)";"49195"
"Vrouwen";"1997";"Zuidoost-Friesland (CR)";"98075"
"Vrouwen";"1997";"Noord-Drenthe (CR)";"83099"
"Vrouwen";"1997";"Zuidoost-Drenthe (CR)";"76926"
"Vrouwen";"1997";"Zuidwest-Drenthe (CR)";"72011"
"Vrouwen";"1998";"Nederland";"7914118"
"Vrouwen";"1998";"Noord-Nederland (LD)";"825532"
"Vrouwen";"1998";"Groningen (PV)";"281782"
"Vrouwen";"1998";"Fryslân (PV)";"309780"
"Vrouwen";"1998";"Drenthe (PV)";"233970"
"Vrouwen";"1998";"Oost-Groningen (CR)";"77088"
"Vrouwen";"1998";"Delfzijl en omgeving (CR)";"26915"
"Vrouwen";"1998";"Overig Groningen (CR)";"177779"
"Vrouwen";"1998";"Noord-Friesland (CR)";"161224"
"Vrouwen";"1998";"Zuidwest-Friesland (CR)";"49776"
"Vrouwen";"1998";"Zuidoost-Friesland (CR)";"98780"
"Vrouwen";"1998";"Noord-Drenthe (CR)";"88485"
"Vrouwen";"1998";"Zuidoost-Drenthe (CR)";"83309"
"Vrouwen";"1998";"Zuidwest-Drenthe (CR)";"62176"
"Vrouwen";"1999";"Nederland";"7966954"
"Vrouwen";"1999";"Noord-Nederland (LD)";"829159"
"Vrouwen";"1999";"Groningen (PV)";"282727"
"Vrouwen";"1999";"Fryslân (PV)";"311184"
"Vrouwen";"1999";"Drenthe (PV)";"235248"
"Vrouwen";"1999";"Oost-Groningen (CR)";"77140"
"Vrouwen";"1999";"Delfzijl en omgeving (CR)";"26636"
"Vrouwen";"1999";"Overig Groningen (CR)";"178951"
"Vrouwen";"1999";"Noord-Friesland (CR)";"161333"
"Vrouwen";"1999";"Zuidwest-Friesland (CR)";"50375"
"Vrouwen";"1999";"Zuidoost-Friesland (CR)";"99476"
"Vrouwen";"1999";"Noord-Drenthe (CR)";"89085"
"Vrouwen";"1999";"Zuidoost-Drenthe (CR)";"83519"
"Vrouwen";"1999";"Zuidwest-Drenthe (CR)";"62644"
"Vrouwen";"2000";"Nederland";"8017633"
"Vrouwen";"2000";"Noord-Nederland (LD)";"833885"
"Vrouwen";"2000";"Groningen (PV)";"283955"
"Vrouwen";"2000";"Fryslân (PV)";"312996"
"Vrouwen";"2000";"Drenthe (PV)";"236934"
"Vrouwen";"2000";"Oost-Groningen (CR)";"77296"
"Vrouwen";"2000";"Delfzijl en omgeving (CR)";"26387"
"Vrouwen";"2000";"Overig Groningen (CR)";"180272"
"Vrouwen";"2000";"Noord-Friesland (CR)";"161776"
"Vrouwen";"2000";"Zuidwest-Friesland (CR)";"50945"
"Vrouwen";"2000";"Zuidoost-Friesland (CR)";"100275"
"Vrouwen";"2000";"Noord-Drenthe (CR)";"89896"
"Vrouwen";"2000";"Zuidoost-Drenthe (CR)";"84068"
"Vrouwen";"2000";"Zuidwest-Drenthe (CR)";"62970"
"Vrouwen";"2001";"Nederland";"8077220"
"Vrouwen";"2001";"Noord-Nederland (LD)";"841165"
"Vrouwen";"2001";"Groningen (PV)";"285871"
"Vrouwen";"2001";"Fryslân (PV)";"315948"
"Vrouwen";"2001";"Drenthe (PV)";"239346"
"Vrouwen";"2001";"Oost-Groningen (CR)";"77839"
"Vrouwen";"2001";"Delfzijl en omgeving (CR)";"26439"
"Vrouwen";"2001";"Overig Groningen (CR)";"181593"
"Vrouwen";"2001";"Noord-Friesland (CR)";"163044"
"Vrouwen";"2001";"Zuidwest-Friesland (CR)";"51483"
"Vrouwen";"2001";"Zuidoost-Friesland (CR)";"101421"
"Vrouwen";"2001";"Noord-Drenthe (CR)";"90815"
"Vrouwen";"2001";"Zuidoost-Drenthe (CR)";"85138"
"Vrouwen";"2001";"Zuidwest-Drenthe (CR)";"63393"
"Vrouwen";"2002";"Nederland";"8133318"
"Vrouwen";"2002";"Noord-Nederland (LD)";"847657"
"Vrouwen";"2002";"Groningen (PV)";"287591"
"Vrouwen";"2002";"Fryslân (PV)";"318602"
"Vrouwen";"2002";"Drenthe (PV)";"241464"
"Vrouwen";"2002";"Oost-Groningen (CR)";"78122"
"Vrouwen";"2002";"Delfzijl en omgeving (CR)";"26441"
"Vrouwen";"2002";"Overig Groningen (CR)";"183028"
"Vrouwen";"2002";"Noord-Friesland (CR)";"164331"
"Vrouwen";"2002";"Zuidwest-Friesland (CR)";"51957"
"Vrouwen";"2002";"Zuidoost-Friesland (CR)";"102314"
"Vrouwen";"2002";"Noord-Drenthe (CR)";"91925"
"Vrouwen";"2002";"Zuidoost-Drenthe (CR)";"85718"
"Vrouwen";"2002";"Zuidwest-Drenthe (CR)";"63821"
"Vrouwen";"2003";"Nederland";"8177101"
"Vrouwen";"2003";"Noord-Nederland (LD)";"851852"
"Vrouwen";"2003";"Groningen (PV)";"288684"
"Vrouwen";"2003";"Fryslân (PV)";"320304"
"Vrouwen";"2003";"Drenthe (PV)";"242864"
"Vrouwen";"2003";"Oost-Groningen (CR)";"78101"
"Vrouwen";"2003";"Delfzijl en omgeving (CR)";"26436"
"Vrouwen";"2003";"Overig Groningen (CR)";"184147"
"Vrouwen";"2003";"Noord-Friesland (CR)";"165101"
"Vrouwen";"2003";"Zuidwest-Friesland (CR)";"52311"
"Vrouwen";"2003";"Zuidoost-Friesland (CR)";"102892"
"Vrouwen";"2003";"Noord-Drenthe (CR)";"92913"
"Vrouwen";"2003";"Zuidoost-Drenthe (CR)";"85870"
"Vrouwen";"2003";"Zuidwest-Drenthe (CR)";"64081"
"Vrouwen";"2004";"Nederland";"8212118"
"Vrouwen";"2004";"Noord-Nederland (LD)";"854240"
"Vrouwen";"2004";"Groningen (PV)";"289154"
"Vrouwen";"2004";"Fryslân (PV)";"321410"
"Vrouwen";"2004";"Drenthe (PV)";"243676"
"Vrouwen";"2004";"Oost-Groningen (CR)";"77991"
"Vrouwen";"2004";"Delfzijl en omgeving (CR)";"26254"
"Vrouwen";"2004";"Overig Groningen (CR)";"184909"
"Vrouwen";"2004";"Noord-Friesland (CR)";"165569"
"Vrouwen";"2004";"Zuidwest-Friesland (CR)";"52450"
"Vrouwen";"2004";"Zuidoost-Friesland (CR)";"103391"
"Vrouwen";"2004";"Noord-Drenthe (CR)";"93360"
"Vrouwen";"2004";"Zuidoost-Drenthe (CR)";"86113"
"Vrouwen";"2004";"Zuidwest-Drenthe (CR)";"64203"
"Vrouwen";"2005";"Nederland";"8239547"
"Vrouwen";"2005";"Noord-Nederland (LD)";"855487"
"Vrouwen";"2005";"Groningen (PV)";"289528"
"Vrouwen";"2005";"Fryslân (PV)";"321742"
"Vrouwen";"2005";"Drenthe (PV)";"244217"
"Vrouwen";"2005";"Oost-Groningen (CR)";"77687"
"Vrouwen";"2005";"Delfzijl en omgeving (CR)";"26034"
"Vrouwen";"2005";"Overig Groningen (CR)";"185807"
"Vrouwen";"2005";"Noord-Friesland (CR)";"165631"
"Vrouwen";"2005";"Zuidwest-Friesland (CR)";"52541"
"Vrouwen";"2005";"Zuidoost-Friesland (CR)";"103570"
"Vrouwen";"2005";"Noord-Drenthe (CR)";"93731"
"Vrouwen";"2005";"Zuidoost-Drenthe (CR)";"86250"
"Vrouwen";"2005";"Zuidwest-Drenthe (CR)";"64236"
"Vrouwen";"2006";"Nederland";"8256803"
"Vrouwen";"2006";"Noord-Nederland (LD)";"855513"
"Vrouwen";"2006";"Groningen (PV)";"288953"
"Vrouwen";"2006";"Fryslân (PV)";"321619"
"Vrouwen";"2006";"Drenthe (PV)";"244941"
"Vrouwen";"2006";"Oost-Groningen (CR)";"77830"
"Vrouwen";"2006";"Delfzijl en omgeving (CR)";"25684"
"Vrouwen";"2006";"Overig Groningen (CR)";"185439"
"Vrouwen";"2006";"Noord-Friesland (CR)";"165481"
"Vrouwen";"2006";"Zuidwest-Friesland (CR)";"52611"
"Vrouwen";"2006";"Zuidoost-Friesland (CR)";"103527"
"Vrouwen";"2006";"Noord-Drenthe (CR)";"94179"
"Vrouwen";"2006";"Zuidoost-Drenthe (CR)";"86288"
"Vrouwen";"2006";"Zuidwest-Drenthe (CR)";"64474"
"Vrouwen";"2007";"Nederland";"8269478"
"Vrouwen";"2007";"Noord-Nederland (LD)";"856430"
"Vrouwen";"2007";"Groningen (PV)";"288823"
"Vrouwen";"2007";"Fryslân (PV)";"321826"
"Vrouwen";"2007";"Drenthe (PV)";"245781"
"Vrouwen";"2007";"Oost-Groningen (CR)";"77586"
"Vrouwen";"2007";"Delfzijl en omgeving (CR)";"25410"
"Vrouwen";"2007";"Overig Groningen (CR)";"185827"
"Vrouwen";"2007";"Noord-Friesland (CR)";"165449"
"Vrouwen";"2007";"Zuidwest-Friesland (CR)";"52636"
"Vrouwen";"2007";"Zuidoost-Friesland (CR)";"103741"
"Vrouwen";"2007";"Noord-Drenthe (CR)";"94687"
"Vrouwen";"2007";"Zuidoost-Drenthe (CR)";"86283"
"Vrouwen";"2007";"Zuidwest-Drenthe (CR)";"64811"
"Vrouwen";"2008";"Nederland";"8293326"
"Vrouwen";"2008";"Noord-Nederland (LD)";"857794"
"Vrouwen";"2008";"Groningen (PV)";"288781"
"Vrouwen";"2008";"Fryslân (PV)";"322087"
"Vrouwen";"2008";"Drenthe (PV)";"246926"
"Vrouwen";"2008";"Oost-Groningen (CR)";"77184"
"Vrouwen";"2008";"Delfzijl en omgeving (CR)";"25193"
"Vrouwen";"2008";"Overig Groningen (CR)";"186404"
"Vrouwen";"2008";"Noord-Friesland (CR)";"165323"
"Vrouwen";"2008";"Zuidwest-Friesland (CR)";"52710"
"Vrouwen";"2008";"Zuidoost-Friesland (CR)";"104054"
"Vrouwen";"2008";"Noord-Drenthe (CR)";"95340"
"Vrouwen";"2008";"Zuidoost-Drenthe (CR)";"86431"
"Vrouwen";"2008";"Zuidwest-Drenthe (CR)";"65155"
"Vrouwen";"2009";"Nederland";"8329391"
"Vrouwen";"2009";"Noord-Nederland (LD)";"859754"
"Vrouwen";"2009";"Groningen (PV)";"289111"
"Vrouwen";"2009";"Fryslân (PV)";"322796"
"Vrouwen";"2009";"Drenthe (PV)";"247847"
"Vrouwen";"2009";"Oost-Groningen (CR)";"76718"
"Vrouwen";"2009";"Delfzijl en omgeving (CR)";"24853"
"Vrouwen";"2009";"Overig Groningen (CR)";"187540"
"Vrouwen";"2009";"Noord-Friesland (CR)";"165658"
"Vrouwen";"2009";"Zuidwest-Friesland (CR)";"52774"
"Vrouwen";"2009";"Zuidoost-Friesland (CR)";"104364"
"Vrouwen";"2009";"Noord-Drenthe (CR)";"95907"
"Vrouwen";"2009";"Zuidoost-Drenthe (CR)";"86485"
"Vrouwen";"2009";"Zuidwest-Drenthe (CR)";"65455"
"Vrouwen";"2010";"Nederland";"8371513"
"Vrouwen";"2010";"Noord-Nederland (LD)";"861770"
"Vrouwen";"2010";"Groningen (PV)";"290173"
"Vrouwen";"2010";"Fryslân (PV)";"323394"
"Vrouwen";"2010";"Drenthe (PV)";"248203"
"Vrouwen";"2010";"Oost-Groningen (CR)";"76540"
"Vrouwen";"2010";"Delfzijl en omgeving (CR)";"24679"
"Vrouwen";"2010";"Overig Groningen (CR)";"188954"
"Vrouwen";"2010";"Noord-Friesland (CR)";"165904"
"Vrouwen";"2010";"Zuidwest-Friesland (CR)";"52932"
"Vrouwen";"2010";"Zuidoost-Friesland (CR)";"104558"
"Vrouwen";"2010";"Noord-Drenthe (CR)";"95999"
"Vrouwen";"2010";"Zuidoost-Drenthe (CR)";"86523"
"Vrouwen";"2010";"Zuidwest-Drenthe (CR)";"65681"
"Vrouwen";"2011";"Nederland";"8412317"
"Vrouwen";"2011";"Noord-Nederland (LD)";"863282"
"Vrouwen";"2011";"Groningen (PV)";"291112"
"Vrouwen";"2011";"Fryslân (PV)";"323843"
"Vrouwen";"2011";"Drenthe (PV)";"248327"
"Vrouwen";"2011";"Oost-Groningen (CR)";"76181"
"Vrouwen";"2011";"Delfzijl en omgeving (CR)";"24626"
"Vrouwen";"2011";"Overig Groningen (CR)";"190305"
"Vrouwen";"2011";"Noord-Friesland (CR)";"166300"
"Vrouwen";"2011";"Zuidwest-Friesland (CR)";"52972"
"Vrouwen";"2011";"Zuidoost-Friesland (CR)";"104571"
"Vrouwen";"2011";"Noord-Drenthe (CR)";"96206"
"Vrouwen";"2011";"Zuidoost-Drenthe (CR)";"86305"
"Vrouwen";"2011";"Zuidwest-Drenthe (CR)";"65816"
"Vrouwen";"2012";"Nederland";"8447477"
"Vrouwen";"2012";"Noord-Nederland (LD)";"863513"
"Vrouwen";"2012";"Groningen (PV)";"292121"
"Vrouwen";"2012";"Fryslân (PV)";"323719"
"Vrouwen";"2012";"Drenthe (PV)";"247673"
"Vrouwen";"2012";"Oost-Groningen (CR)";"75847"
"Vrouwen";"2012";"Delfzijl en omgeving (CR)";"24463"
"Vrouwen";"2012";"Overig Groningen (CR)";"191811"
"Vrouwen";"2012";"Noord-Friesland (CR)";"166159"
"Vrouwen";"2012";"Zuidwest-Friesland (CR)";"53054"
"Vrouwen";"2012";"Zuidoost-Friesland (CR)";"104506"
"Vrouwen";"2012";"Noord-Drenthe (CR)";"96059"
"Vrouwen";"2012";"Zuidoost-Drenthe (CR)";"85855"
"Vrouwen";"2012";"Zuidwest-Drenthe (CR)";"65759"
"Vrouwen";"2013";"Nederland";"8472236"
"Vrouwen";"2013";"Noord-Nederland (LD)";"863011"
"Vrouwen";"2013";"Groningen (PV)";"292430"
"Vrouwen";"2013";"Fryslân (PV)";"323420"
"Vrouwen";"2013";"Drenthe (PV)";"247161"
"Vrouwen";"2013";"Oost-Groningen (CR)";"75409"
"Vrouwen";"2013";"Delfzijl en omgeving (CR)";"24295"
"Vrouwen";"2013";"Overig Groningen (CR)";"192726"
"Vrouwen";"2013";"Noord-Friesland (CR)";"166182"
"Vrouwen";"2013";"Zuidwest-Friesland (CR)";"53114"
"Vrouwen";"2013";"Zuidoost-Friesland (CR)";"104124"
"Vrouwen";"2013";"Noord-Drenthe (CR)";"95954"
"Vrouwen";"2013";"Zuidoost-Drenthe (CR)";"85509"
"Vrouwen";"2013";"Zuidwest-Drenthe (CR)";"65698"
"Vrouwen";"2014";"Nederland";"8494904"
"Vrouwen";"2014";"Noord-Nederland (LD)";"862741"
"Vrouwen";"2014";"Groningen (PV)";"292908"
"Vrouwen";"2014";"Fryslân (PV)";"323075"
"Vrouwen";"2014";"Drenthe (PV)";"246758"
"Vrouwen";"2014";"Oost-Groningen (CR)";"74972"
"Vrouwen";"2014";"Delfzijl en omgeving (CR)";"24092"
"Vrouwen";"2014";"Overig Groningen (CR)";"193844"
"Vrouwen";"2014";"Noord-Friesland (CR)";"161852"
"Vrouwen";"2014";"Zuidwest-Friesland (CR)";"67626"
"Vrouwen";"2014";"Zuidoost-Friesland (CR)";"93597"
"Vrouwen";"2014";"Noord-Drenthe (CR)";"95785"
"Vrouwen";"2014";"Zuidoost-Drenthe (CR)";"85421"
"Vrouwen";"2014";"Zuidwest-Drenthe (CR)";"65552"
"Vrouwen";"2015";"Nederland";"8527868"
"Vrouwen";"2015";"Noord-Nederland (LD)";"862275"
"Vrouwen";"2015";"Groningen (PV)";"293102"
"Vrouwen";"2015";"Fryslân (PV)";"322859"
"Vrouwen";"2015";"Drenthe (PV)";"246314"
"Vrouwen";"2015";"Oost-Groningen (CR)";"74687"
"Vrouwen";"2015";"Delfzijl en omgeving (CR)";"23872"
"Vrouwen";"2015";"Overig Groningen (CR)";"194543"
"Vrouwen";"2015";"Noord-Friesland (CR)";"161561"
"Vrouwen";"2015";"Zuidwest-Friesland (CR)";"67473"
"Vrouwen";"2015";"Zuidoost-Friesland (CR)";"93825"
"Vrouwen";"2015";"Noord-Drenthe (CR)";"95655"
"Vrouwen";"2015";"Zuidoost-Drenthe (CR)";"84988"
"Vrouwen";"2015";"Zuidwest-Drenthe (CR)";"65671"
"Vrouwen";"2016";"Nederland";"8561985"
"Vrouwen";"2016";"Noord-Nederland (LD)";"861473"
"Vrouwen";"2016";"Groningen (PV)";"292663"
"Vrouwen";"2016";"Fryslân (PV)";"322664"
"Vrouwen";"2016";"Drenthe (PV)";"246146"
"Vrouwen";"2016";"Oost-Groningen (CR)";"74416"
"Vrouwen";"2016";"Delfzijl en omgeving (CR)";"23658"
"Vrouwen";"2016";"Overig Groningen (CR)";"194589"
"Vrouwen";"2016";"Noord-Friesland (CR)";"161506"
"Vrouwen";"2016";"Zuidwest-Friesland (CR)";"67391"
"Vrouwen";"2016";"Zuidoost-Friesland (CR)";"93767"
"Vrouwen";"2016";"Noord-Drenthe (CR)";"95768"
"Vrouwen";"2016";"Zuidoost-Drenthe (CR)";"84611"
"Vrouwen";"2016";"Zuidwest-Drenthe (CR)";"65767"
"Vrouwen";"2017";"Nederland";"8606405"
"Vrouwen";"2017";"Noord-Nederland (LD)";"862910"
"Vrouwen";"2017";"Groningen (PV)";"292290"
"Vrouwen";"2017";"Fryslân (PV)";"322826"
"Vrouwen";"2017";"Drenthe (PV)";"247794"
"Vrouwen";"2017";"Oost-Groningen (CR)";"73854"
"Vrouwen";"2017";"Delfzijl en omgeving (CR)";"23467"
"Vrouwen";"2017";"Overig Groningen (CR)";"194969"
"Vrouwen";"2017";"Noord-Friesland (CR)";"161520"
"Vrouwen";"2017";"Zuidwest-Friesland (CR)";"67572"
"Vrouwen";"2017";"Zuidoost-Friesland (CR)";"93734"
"Vrouwen";"2017";"Noord-Drenthe (CR)";"97275"
"Vrouwen";"2017";"Zuidoost-Drenthe (CR)";"84430"
"Vrouwen";"2017";"Zuidwest-Drenthe (CR)";"66089"
"Vrouwen";"2018";"Nederland";"8654043"
"Vrouwen";"2018";"Noord-Nederland (LD)";"862667"
"Vrouwen";"2018";"Groningen (PV)";"292006"
"Vrouwen";"2018";"Fryslân (PV)";"322777"
"Vrouwen";"2018";"Drenthe (PV)";"247884"
"Vrouwen";"2018";"Oost-Groningen (CR)";"67676"
"Vrouwen";"2018";"Delfzijl en omgeving (CR)";"23231"
"Vrouwen";"2018";"Overig Groningen (CR)";"201099"
"Vrouwen";"2018";"Noord-Friesland (CR)";"158733"
"Vrouwen";"2018";"Zuidwest-Friesland (CR)";"70243"
"Vrouwen";"2018";"Zuidoost-Friesland (CR)";"93801"
"Vrouwen";"2018";"Noord-Drenthe (CR)";"97032"
"Vrouwen";"2018";"Zuidoost-Drenthe (CR)";"84299"
"Vrouwen";"2018";"Zuidwest-Drenthe (CR)";"66553"
"Vrouwen";"2019";"Nederland";"8701077"
"Vrouwen";"2019";"Noord-Nederland (LD)";"863171"
"Vrouwen";"2019";"Groningen (PV)";"292554"
"Vrouwen";"2019";"Fryslân (PV)";"323006"
"Vrouwen";"2019";"Drenthe (PV)";"247611"
"Vrouwen";"2019";"Oost-Groningen (CR)";"67652"
"Vrouwen";"2019";"Delfzijl en omgeving (CR)";"23042"
"Vrouwen";"2019";"Overig Groningen (CR)";"201860"
"Vrouwen";"2019";"Noord-Friesland (CR)";"159055"
"Vrouwen";"2019";"Zuidwest-Friesland (CR)";"70171"
"Vrouwen";"2019";"Zuidoost-Friesland (CR)";"93780"
"Vrouwen";"2019";"Noord-Drenthe (CR)";"96560"
"Vrouwen";"2019";"Zuidoost-Drenthe (CR)";"84273"
"Vrouwen";"2019";"Zuidwest-Drenthe (CR)";"66778"
"Vrouwen";"2020";"Nederland";"8759554"
"Vrouwen";"2020";"Noord-Nederland (LD)";"865635"
"Vrouwen";"2020";"Groningen (PV)";"293422"
"Vrouwen";"2020";"Fryslân (PV)";"324006"
"Vrouwen";"2020";"Drenthe (PV)";"248207"
"Vrouwen";"2020";"Oost-Groningen (CR)";"67888"
"Vrouwen";"2020";"Delfzijl en omgeving (CR)";"22927"
"Vrouwen";"2020";"Overig Groningen (CR)";"202607"
"Vrouwen";"2020";"Noord-Friesland (CR)";"159712"
"Vrouwen";"2020";"Zuidwest-Friesland (CR)";"70319"
"Vrouwen";"2020";"Zuidoost-Friesland (CR)";"93975"
"Vrouwen";"2020";"Noord-Drenthe (CR)";"96924"
"Vrouwen";"2020";"Zuidoost-Drenthe (CR)";"84160"
"Vrouwen";"2020";"Zuidwest-Drenthe (CR)";"67123"
"Vrouwen";"2021";"Nederland";"8788879"
"Vrouwen";"2021";"Noord-Nederland (LD)";"866967"
"Vrouwen";"2021";"Groningen (PV)";"293576"
"Vrouwen";"2021";"Fryslân (PV)";"324647"
"Vrouwen";"2021";"Drenthe (PV)";"248744"
"Vrouwen";"2021";"Oost-Groningen (CR)";"68059"
"Vrouwen";"2021";"Delfzijl en omgeving (CR)";"22746"
"Vrouwen";"2021";"Overig Groningen (CR)";"202771"
"Vrouwen";"2021";"Noord-Friesland (CR)";"160110"
"Vrouwen";"2021";"Zuidwest-Friesland (CR)";"70427"
"Vrouwen";"2021";"Zuidoost-Friesland (CR)";"94110"
"Vrouwen";"2021";"Noord-Drenthe (CR)";"97107"
"Vrouwen";"2021";"Zuidoost-Drenthe (CR)";"84205"
"Vrouwen";"2021";"Zuidwest-Drenthe (CR)";"67432"
"Bron: CBS"
