﻿"Gezondheid, leefstijl, zorggebruik en -aanbod, doodsoorzaken; kerncijfers"
""
"";""
"Periods";"Subject";"";""
"2001";"Geboorte, sterfte en levensverwachting|Levensverwachting|Bij geboorte, mannen";"years";"75.8"
"2001";"Geboorte, sterfte en levensverwachting|Levensverwachting|Bij geboorte, vrouwen";"years";"80.7"
"2001";"Geboorte, sterfte en levensverwachting|Levensverwachting|Bij 65 jaar, mannen";"years";"15.9"
"2001";"Geboorte, sterfte en levensverwachting|Levensverwachting|Bij 65 jaar, vrouwen";"years";"19.7"
"2002";"Geboorte, sterfte en levensverwachting|Levensverwachting|Bij geboorte, mannen";"years";"76.0"
"2002";"Geboorte, sterfte en levensverwachting|Levensverwachting|Bij geboorte, vrouwen";"years";"80.7"
"2002";"Geboorte, sterfte en levensverwachting|Levensverwachting|Bij 65 jaar, mannen";"years";"16.0"
"2002";"Geboorte, sterfte en levensverwachting|Levensverwachting|Bij 65 jaar, vrouwen";"years";"19.7"
"2003";"Geboorte, sterfte en levensverwachting|Levensverwachting|Bij geboorte, mannen";"years";"76.2"
"2003";"Geboorte, sterfte en levensverwachting|Levensverwachting|Bij geboorte, vrouwen";"years";"80.9"
"2003";"Geboorte, sterfte en levensverwachting|Levensverwachting|Bij 65 jaar, mannen";"years";"16.2"
"2003";"Geboorte, sterfte en levensverwachting|Levensverwachting|Bij 65 jaar, vrouwen";"years";"19.9"
"2004";"Geboorte, sterfte en levensverwachting|Levensverwachting|Bij geboorte, mannen";"years";"76.9"
"2004";"Geboorte, sterfte en levensverwachting|Levensverwachting|Bij geboorte, vrouwen";"years";"81.4"
"2004";"Geboorte, sterfte en levensverwachting|Levensverwachting|Bij 65 jaar, mannen";"years";"16.6"
"2004";"Geboorte, sterfte en levensverwachting|Levensverwachting|Bij 65 jaar, vrouwen";"years";"20.3"
"2005";"Geboorte, sterfte en levensverwachting|Levensverwachting|Bij geboorte, mannen";"years";"77.2"
"2005";"Geboorte, sterfte en levensverwachting|Levensverwachting|Bij geboorte, vrouwen";"years";"81.6"
"2005";"Geboorte, sterfte en levensverwachting|Levensverwachting|Bij 65 jaar, mannen";"years";"16.8"
"2005";"Geboorte, sterfte en levensverwachting|Levensverwachting|Bij 65 jaar, vrouwen";"years";"20.4"
"2006";"Geboorte, sterfte en levensverwachting|Levensverwachting|Bij geboorte, mannen";"years";"77.6"
"2006";"Geboorte, sterfte en levensverwachting|Levensverwachting|Bij geboorte, vrouwen";"years";"81.9"
"2006";"Geboorte, sterfte en levensverwachting|Levensverwachting|Bij 65 jaar, mannen";"years";"17.1"
"2006";"Geboorte, sterfte en levensverwachting|Levensverwachting|Bij 65 jaar, vrouwen";"years";"20.6"
"2007";"Geboorte, sterfte en levensverwachting|Levensverwachting|Bij geboorte, mannen";"years";"78.0"
"2007";"Geboorte, sterfte en levensverwachting|Levensverwachting|Bij geboorte, vrouwen";"years";"82.3"
"2007";"Geboorte, sterfte en levensverwachting|Levensverwachting|Bij 65 jaar, mannen";"years";"17.4"
"2007";"Geboorte, sterfte en levensverwachting|Levensverwachting|Bij 65 jaar, vrouwen";"years";"20.9"
"2008";"Geboorte, sterfte en levensverwachting|Levensverwachting|Bij geboorte, mannen";"years";"78.3"
"2008";"Geboorte, sterfte en levensverwachting|Levensverwachting|Bij geboorte, vrouwen";"years";"82.3"
"2008";"Geboorte, sterfte en levensverwachting|Levensverwachting|Bij 65 jaar, mannen";"years";"17.6"
"2008";"Geboorte, sterfte en levensverwachting|Levensverwachting|Bij 65 jaar, vrouwen";"years";"20.9"
"2009";"Geboorte, sterfte en levensverwachting|Levensverwachting|Bij geboorte, mannen";"years";"78.5"
"2009";"Geboorte, sterfte en levensverwachting|Levensverwachting|Bij geboorte, vrouwen";"years";"82.6"
"2009";"Geboorte, sterfte en levensverwachting|Levensverwachting|Bij 65 jaar, mannen";"years";"17.8"
"2009";"Geboorte, sterfte en levensverwachting|Levensverwachting|Bij 65 jaar, vrouwen";"years";"21.2"
"2010";"Geboorte, sterfte en levensverwachting|Levensverwachting|Bij geboorte, mannen";"years";"78.8"
"2010";"Geboorte, sterfte en levensverwachting|Levensverwachting|Bij geboorte, vrouwen";"years";"82.7"
"2010";"Geboorte, sterfte en levensverwachting|Levensverwachting|Bij 65 jaar, mannen";"years";"18.0"
"2010";"Geboorte, sterfte en levensverwachting|Levensverwachting|Bij 65 jaar, vrouwen";"years";"21.2"
"2011";"Geboorte, sterfte en levensverwachting|Levensverwachting|Bij geboorte, mannen";"years";"79.2"
"2011";"Geboorte, sterfte en levensverwachting|Levensverwachting|Bij geboorte, vrouwen";"years";"82.9"
"2011";"Geboorte, sterfte en levensverwachting|Levensverwachting|Bij 65 jaar, mannen";"years";"18.3"
"2011";"Geboorte, sterfte en levensverwachting|Levensverwachting|Bij 65 jaar, vrouwen";"years";"21.3"
"2012";"Geboorte, sterfte en levensverwachting|Levensverwachting|Bij geboorte, mannen";"years";"79.1"
"2012";"Geboorte, sterfte en levensverwachting|Levensverwachting|Bij geboorte, vrouwen";"years";"82.8"
"2012";"Geboorte, sterfte en levensverwachting|Levensverwachting|Bij 65 jaar, mannen";"years";"18.3"
"2012";"Geboorte, sterfte en levensverwachting|Levensverwachting|Bij 65 jaar, vrouwen";"years";"21.2"
"2013";"Geboorte, sterfte en levensverwachting|Levensverwachting|Bij geboorte, mannen";"years";"79.4"
"2013";"Geboorte, sterfte en levensverwachting|Levensverwachting|Bij geboorte, vrouwen";"years";"83.0"
"2013";"Geboorte, sterfte en levensverwachting|Levensverwachting|Bij 65 jaar, mannen";"years";"18.4"
"2013";"Geboorte, sterfte en levensverwachting|Levensverwachting|Bij 65 jaar, vrouwen";"years";"21.4"
"2014";"Geboorte, sterfte en levensverwachting|Levensverwachting|Bij geboorte, mannen";"years";"79.9"
"2014";"Geboorte, sterfte en levensverwachting|Levensverwachting|Bij geboorte, vrouwen";"years";"83.3"
"2014";"Geboorte, sterfte en levensverwachting|Levensverwachting|Bij 65 jaar, mannen";"years";"18.9"
"2014";"Geboorte, sterfte en levensverwachting|Levensverwachting|Bij 65 jaar, vrouwen";"years";"21.6"
"2015";"Geboorte, sterfte en levensverwachting|Levensverwachting|Bij geboorte, mannen";"years";"79.7"
"2015";"Geboorte, sterfte en levensverwachting|Levensverwachting|Bij geboorte, vrouwen";"years";"83.1"
"2015";"Geboorte, sterfte en levensverwachting|Levensverwachting|Bij 65 jaar, mannen";"years";"18.6"
"2015";"Geboorte, sterfte en levensverwachting|Levensverwachting|Bij 65 jaar, vrouwen";"years";"21.4"
"2016";"Geboorte, sterfte en levensverwachting|Levensverwachting|Bij geboorte, mannen";"years";"79.9"
"2016";"Geboorte, sterfte en levensverwachting|Levensverwachting|Bij geboorte, vrouwen";"years";"83.1"
"2016";"Geboorte, sterfte en levensverwachting|Levensverwachting|Bij 65 jaar, mannen";"years";"18.8"
"2016";"Geboorte, sterfte en levensverwachting|Levensverwachting|Bij 65 jaar, vrouwen";"years";"21.4"
"2017";"Geboorte, sterfte en levensverwachting|Levensverwachting|Bij geboorte, mannen";"years";"80.1"
"2017";"Geboorte, sterfte en levensverwachting|Levensverwachting|Bij geboorte, vrouwen";"years";"83.3"
"2017";"Geboorte, sterfte en levensverwachting|Levensverwachting|Bij 65 jaar, mannen";"years";"19.0"
"2017";"Geboorte, sterfte en levensverwachting|Levensverwachting|Bij 65 jaar, vrouwen";"years";"21.5"
"2018";"Geboorte, sterfte en levensverwachting|Levensverwachting|Bij geboorte, mannen";"years";"80.2"
"2018";"Geboorte, sterfte en levensverwachting|Levensverwachting|Bij geboorte, vrouwen";"years";"83.3"
"2018";"Geboorte, sterfte en levensverwachting|Levensverwachting|Bij 65 jaar, mannen";"years";"19.0"
"2018";"Geboorte, sterfte en levensverwachting|Levensverwachting|Bij 65 jaar, vrouwen";"years";"21.5"
"2019";"Geboorte, sterfte en levensverwachting|Levensverwachting|Bij geboorte, mannen";"years";"80.5"
"2019";"Geboorte, sterfte en levensverwachting|Levensverwachting|Bij geboorte, vrouwen";"years";"83.6"
"2019";"Geboorte, sterfte en levensverwachting|Levensverwachting|Bij 65 jaar, mannen";"years";"19.2"
"2019";"Geboorte, sterfte en levensverwachting|Levensverwachting|Bij 65 jaar, vrouwen";"years";"21.7"
"2020";"Geboorte, sterfte en levensverwachting|Levensverwachting|Bij geboorte, mannen";"years";"79.7"
"2020";"Geboorte, sterfte en levensverwachting|Levensverwachting|Bij geboorte, vrouwen";"years";"83.1"
"2020";"Geboorte, sterfte en levensverwachting|Levensverwachting|Bij 65 jaar, mannen";"years";"18.5"
"2020";"Geboorte, sterfte en levensverwachting|Levensverwachting|Bij 65 jaar, vrouwen";"years";"21.2"
"Bron: CBS"
