﻿"Inkomen van personen; persoonskenmerken, regio (indeling 2021)"
"Sex: Total men and women"
"Personal characteristics: Total persons"
"";"";""
"Periods";"Subject";"Regions";"";""
"2011";"Personen";"The Netherlands";"x 1000";"16309.7"
"2011";"Personen";"Northern Netherlands (LD)";"x 1000";"1679.9"
"2011";"Personen";"Groningen (PV)";"x 1000";"564.3"
"2011";"Personen";"Friesland (PV)";"x 1000";"634.3"
"2011";"Personen";"Drenthe (PV)";"x 1000";"481.3"
"2011";"Personen";"East Groningen (CR)";"x 1000";"136.0"
"2011";"Personen";"Delfzijl and surroundings (CR)";"x 1000";"47.9"
"2011";"Personen";"Other Groningen (CR)";"x 1000";"380.4"
"2011";"Personen";"North Frisia (CR)";"x 1000";"311.4"
"2011";"Personen";"Southwest Friesland (CR)";"x 1000";"139.2"
"2011";"Personen";"Southeast Frisia (CR)";"x 1000";"183.7"
"2011";"Personen";"North Drenthe (CR)";"x 1000";"185.6"
"2011";"Personen";"Southeast Drenthe (CR)";"x 1000";"167.9"
"2011";"Personen";"Southwest Drenthe (CR)";"x 1000";"127.9"
"2011";"Personen";"Aa and Hunze";"x 1000";"25.5"
"2011";"Personen";"eight-cart games";"x 1000";"27.8"
"2011";"Personen";"Ameland";"x 1000";"3.4"
"2011";"Personen";"shafts";"x 1000";"65.2"
"2011";"Personen";"Borger-Odoorn";"x 1000";"25.6"
"2011";"Personen";"Coevorden";"x 1000";"35.3"
"2011";"Personen";"dantumadiel";"x 1000";"19.0"
"2011";"Personen";"Eemsdelta";"x 1000";"47.9"
"2011";"Personen";"Emmen";"x 1000";"106.9"
"2011";"Personen";"The Fryske Marren";"x 1000";"51.1"
"2011";"Personen";"Groningen (municipality)";"x 1000";"209.0"
"2011";"Personen";"Harlingen";"x 1000";"15.3"
"2011";"Personen";"Heerenveen";"x 1000";"49.3"
"2011";"Personen";"The Highlands";"x 1000";"48.7"
"2011";"Personen";"Hoogeveen";"x 1000";"53.8"
"2011";"Personen";"Leeuwarden";"x 1000";"116.3"
"2011";"Personen";"Meppel";"x 1000";"31.9"
"2011";"Personen";"Central Drenthe";"x 1000";"33.1"
"2011";"Personen";"Central Groningen";"x 1000";"61.2"
"2011";"Personen";"Northeast-Fryslân";"x 1000";"45.3"
"2011";"Personen";"North field";"x 1000";"30.3"
"2011";"Personen";"old office";"x 1000";"38.6"
"2011";"Personen";"Ooststellingwerf";"x 1000";"25.4"
"2011";"Personen";"Opsterland";"x 1000";"29.4"
"2011";"Personen";"pekela";"x 1000";"12.6"
"2011";"Personen";"Schiermonnikoog";"x 1000";"1.0"
"2011";"Personen";"smalling country";"x 1000";"54.1"
"2011";"Personen";"city ​​channel";"x 1000";"32.3"
"2011";"Personen";"Southwest Friesland";"x 1000";"88.2"
"2011";"Personen";"Terschelling";"x 1000";"4.4"
"2011";"Personen";"Tynaarlo";"x 1000";"31.4"
"2011";"Personen";"Tytsjerksteradiel";"x 1000";"31.3"
"2011";"Personen";"Veendam";"x 1000";"27.5"
"2011";"Personen";"Vlieland";"x 1000";"1.1"
"2011";"Personen";"waadhoeke";"x 1000";"46.4"
"2011";"Personen";"western quarter";"x 1000";"61.5"
"2011";"Personen";"Westerveld";"x 1000";"18.9"
"2011";"Personen";"Westerwolde";"x 1000";"24.9"
"2011";"Personen";"Weststellingwerf";"x 1000";"25.4"
"2011";"Personen";"The Wolden";"x 1000";"23.3"
"2012";"Personen";"The Netherlands";"x 1000";"16378.0"
"2012";"Personen";"Northern Netherlands (LD)";"x 1000";"1680.4"
"2012";"Personen";"Groningen (PV)";"x 1000";"565.4"
"2012";"Personen";"Friesland (PV)";"x 1000";"634.1"
"2012";"Personen";"Drenthe (PV)";"x 1000";"480.8"
"2012";"Personen";"East Groningen (CR)";"x 1000";"135.4"
"2012";"Personen";"Delfzijl and surroundings (CR)";"x 1000";"47.6"
"2012";"Personen";"Other Groningen (CR)";"x 1000";"382.5"
"2012";"Personen";"North Frisia (CR)";"x 1000";"311.4"
"2012";"Personen";"Southwest Friesland (CR)";"x 1000";"139.2"
"2012";"Personen";"Southeast Frisia (CR)";"x 1000";"183.6"
"2012";"Personen";"North Drenthe (CR)";"x 1000";"185.6"
"2012";"Personen";"Southeast Drenthe (CR)";"x 1000";"167.5"
"2012";"Personen";"Southwest Drenthe (CR)";"x 1000";"127.8"
"2012";"Personen";"Aa and Hunze";"x 1000";"25.4"
"2012";"Personen";"eight-cart games";"x 1000";"27.8"
"2012";"Personen";"Ameland";"x 1000";"3.5"
"2012";"Personen";"shafts";"x 1000";"65.3"
"2012";"Personen";"Borger-Odoorn";"x 1000";"25.6"
"2012";"Personen";"Coevorden";"x 1000";"35.1"
"2012";"Personen";"dantumadiel";"x 1000";"19.0"
"2012";"Personen";"Eemsdelta";"x 1000";"47.6"
"2012";"Personen";"Emmen";"x 1000";"106.7"
"2012";"Personen";"The Fryske Marren";"x 1000";"50.9"
"2012";"Personen";"Groningen (municipality)";"x 1000";"211.3"
"2012";"Personen";"Harlingen";"x 1000";"15.3"
"2012";"Personen";"Heerenveen";"x 1000";"49.4"
"2012";"Personen";"The Highlands";"x 1000";"48.5"
"2012";"Personen";"Hoogeveen";"x 1000";"53.8"
"2012";"Personen";"Leeuwarden";"x 1000";"116.7"
"2012";"Personen";"Meppel";"x 1000";"32.0"
"2012";"Personen";"Central Drenthe";"x 1000";"33.1"
"2012";"Personen";"Central Groningen";"x 1000";"61.1"
"2012";"Personen";"Northeast-Fryslân";"x 1000";"45.3"
"2012";"Personen";"North field";"x 1000";"30.4"
"2012";"Personen";"old office";"x 1000";"38.3"
"2012";"Personen";"Ooststellingwerf";"x 1000";"25.3"
"2012";"Personen";"Opsterland";"x 1000";"29.4"
"2012";"Personen";"pekela";"x 1000";"12.6"
"2012";"Personen";"Schiermonnikoog";"x 1000";"0.9"
"2012";"Personen";"smalling country";"x 1000";"54.2"
"2012";"Personen";"city ​​channel";"x 1000";"32.2"
"2012";"Personen";"Southwest Friesland";"x 1000";"88.2"
"2012";"Personen";"Terschelling";"x 1000";"4.5"
"2012";"Personen";"Tynaarlo";"x 1000";"31.4"
"2012";"Personen";"Tytsjerksteradiel";"x 1000";"31.2"
"2012";"Personen";"Veendam";"x 1000";"27.6"
"2012";"Personen";"Vlieland";"x 1000";"1.1"
"2012";"Personen";"waadhoeke";"x 1000";"46.2"
"2012";"Personen";"western quarter";"x 1000";"61.6"
"2012";"Personen";"Westerveld";"x 1000";"18.7"
"2012";"Personen";"Westerwolde";"x 1000";"24.8"
"2012";"Personen";"Weststellingwerf";"x 1000";"25.3"
"2012";"Personen";"The Wolden";"x 1000";"23.4"
"2013";"Personen";"The Netherlands";"x 1000";"16429.5"
"2013";"Personen";"Northern Netherlands (LD)";"x 1000";"1680.2"
"2013";"Personen";"Groningen (PV)";"x 1000";"566.3"
"2013";"Personen";"Friesland (PV)";"x 1000";"633.8"
"2013";"Personen";"Drenthe (PV)";"x 1000";"480.1"
"2013";"Personen";"East Groningen (CR)";"x 1000";"134.7"
"2013";"Personen";"Delfzijl and surroundings (CR)";"x 1000";"47.3"
"2013";"Personen";"Other Groningen (CR)";"x 1000";"384.4"
"2013";"Personen";"North Frisia (CR)";"x 1000";"311.6"
"2013";"Personen";"Southwest Friesland (CR)";"x 1000";"139.1"
"2013";"Personen";"Southeast Frisia (CR)";"x 1000";"183.1"
"2013";"Personen";"North Drenthe (CR)";"x 1000";"185.4"
"2013";"Personen";"Southeast Drenthe (CR)";"x 1000";"166.7"
"2013";"Personen";"Southwest Drenthe (CR)";"x 1000";"128.0"
"2013";"Personen";"Aa and Hunze";"x 1000";"25.2"
"2013";"Personen";"eight-cart games";"x 1000";"27.8"
"2013";"Personen";"Ameland";"x 1000";"3.5"
"2013";"Personen";"shafts";"x 1000";"65.3"
"2013";"Personen";"Borger-Odoorn";"x 1000";"25.4"
"2013";"Personen";"Coevorden";"x 1000";"34.9"
"2013";"Personen";"dantumadiel";"x 1000";"18.8"
"2013";"Personen";"Eemsdelta";"x 1000";"47.3"
"2013";"Personen";"Emmen";"x 1000";"106.3"
"2013";"Personen";"The Fryske Marren";"x 1000";"50.8"
"2013";"Personen";"Groningen (municipality)";"x 1000";"213.3"
"2013";"Personen";"Harlingen";"x 1000";"15.3"
"2013";"Personen";"Heerenveen";"x 1000";"49.2"
"2013";"Personen";"The Highlands";"x 1000";"48.3"
"2013";"Personen";"Hoogeveen";"x 1000";"53.8"
"2013";"Personen";"Leeuwarden";"x 1000";"117.5"
"2013";"Personen";"Meppel";"x 1000";"32.2"
"2013";"Personen";"Central Drenthe";"x 1000";"32.9"
"2013";"Personen";"Central Groningen";"x 1000";"60.8"
"2013";"Personen";"Northeast-Fryslân";"x 1000";"45.2"
"2013";"Personen";"North field";"x 1000";"30.4"
"2013";"Personen";"old office";"x 1000";"38.1"
"2013";"Personen";"Ooststellingwerf";"x 1000";"25.2"
"2013";"Personen";"Opsterland";"x 1000";"29.3"
"2013";"Personen";"pekela";"x 1000";"12.5"
"2013";"Personen";"Schiermonnikoog";"x 1000";"1.0"
"2013";"Personen";"smalling country";"x 1000";"54.2"
"2013";"Personen";"city ​​channel";"x 1000";"32.1"
"2013";"Personen";"Southwest Friesland";"x 1000";"88.3"
"2013";"Personen";"Terschelling";"x 1000";"4.5"
"2013";"Personen";"Tynaarlo";"x 1000";"31.5"
"2013";"Personen";"Tytsjerksteradiel";"x 1000";"31.0"
"2013";"Personen";"Veendam";"x 1000";"27.5"
"2013";"Personen";"Vlieland";"x 1000";"1.1"
"2013";"Personen";"waadhoeke";"x 1000";"46.0"
"2013";"Personen";"western quarter";"x 1000";"61.9"
"2013";"Personen";"Westerveld";"x 1000";"18.6"
"2013";"Personen";"Westerwolde";"x 1000";"24.5"
"2013";"Personen";"Weststellingwerf";"x 1000";"25.2"
"2013";"Personen";"The Wolden";"x 1000";"23.4"
"2014";"Personen";"The Netherlands";"x 1000";"16454.5"
"2014";"Personen";"Northern Netherlands (LD)";"x 1000";"1676.1"
"2014";"Personen";"Groningen (PV)";"x 1000";"565.2"
"2014";"Personen";"Friesland (PV)";"x 1000";"632.6"
"2014";"Personen";"Drenthe (PV)";"x 1000";"478.2"
"2014";"Personen";"East Groningen (CR)";"x 1000";"133.5"
"2014";"Personen";"Delfzijl and surroundings (CR)";"x 1000";"46.7"
"2014";"Personen";"Other Groningen (CR)";"x 1000";"385.1"
"2014";"Personen";"North Frisia (CR)";"x 1000";"311.5"
"2014";"Personen";"Southwest Friesland (CR)";"x 1000";"138.9"
"2014";"Personen";"Southeast Frisia (CR)";"x 1000";"182.3"
"2014";"Personen";"North Drenthe (CR)";"x 1000";"184.7"
"2014";"Personen";"Southeast Drenthe (CR)";"x 1000";"166.1"
"2014";"Personen";"Southwest Drenthe (CR)";"x 1000";"127.5"
"2014";"Personen";"Aa and Hunze";"x 1000";"24.7"
"2014";"Personen";"eight-cart games";"x 1000";"27.8"
"2014";"Personen";"Ameland";"x 1000";"3.5"
"2014";"Personen";"shafts";"x 1000";"65.2"
"2014";"Personen";"Borger-Odoorn";"x 1000";"25.3"
"2014";"Personen";"Coevorden";"x 1000";"34.9"
"2014";"Personen";"dantumadiel";"x 1000";"18.7"
"2014";"Personen";"Eemsdelta";"x 1000";"46.7"
"2014";"Personen";"Emmen";"x 1000";"105.9"
"2014";"Personen";"The Fryske Marren";"x 1000";"50.7"
"2014";"Personen";"Groningen (municipality)";"x 1000";"215.3"
"2014";"Personen";"Harlingen";"x 1000";"15.4"
"2014";"Personen";"Heerenveen";"x 1000";"49.0"
"2014";"Personen";"The Highlands";"x 1000";"48.0"
"2014";"Personen";"Hoogeveen";"x 1000";"53.7"
"2014";"Personen";"Leeuwarden";"x 1000";"117.7"
"2014";"Personen";"Meppel";"x 1000";"32.2"
"2014";"Personen";"Central Drenthe";"x 1000";"32.8"
"2014";"Personen";"Central Groningen";"x 1000";"60.3"
"2014";"Personen";"Northeast-Fryslân";"x 1000";"45.0"
"2014";"Personen";"North field";"x 1000";"30.5"
"2014";"Personen";"old office";"x 1000";"37.8"
"2014";"Personen";"Ooststellingwerf";"x 1000";"25.0"
"2014";"Personen";"Opsterland";"x 1000";"29.3"
"2014";"Personen";"pekela";"x 1000";"12.3"
"2014";"Personen";"Schiermonnikoog";"x 1000";"0.9"
"2014";"Personen";"smalling country";"x 1000";"53.9"
"2014";"Personen";"city ​​channel";"x 1000";"31.9"
"2014";"Personen";"Southwest Friesland";"x 1000";"88.1"
"2014";"Personen";"Terschelling";"x 1000";"4.7"
"2014";"Personen";"Tynaarlo";"x 1000";"31.4"
"2014";"Personen";"Tytsjerksteradiel";"x 1000";"31.0"
"2014";"Personen";"Veendam";"x 1000";"27.2"
"2014";"Personen";"Vlieland";"x 1000";"1.1"
"2014";"Personen";"waadhoeke";"x 1000";"45.7"
"2014";"Personen";"western quarter";"x 1000";"61.5"
"2014";"Personen";"Westerveld";"x 1000";"18.4"
"2014";"Personen";"Westerwolde";"x 1000";"24.3"
"2014";"Personen";"Weststellingwerf";"x 1000";"25.0"
"2014";"Personen";"The Wolden";"x 1000";"23.2"
"2015";"Personen";"The Netherlands";"x 1000";"16528.1"
"2015";"Personen";"Northern Netherlands (LD)";"x 1000";"1676.9"
"2015";"Personen";"Groningen (PV)";"x 1000";"566.7"
"2015";"Personen";"Friesland (PV)";"x 1000";"632.4"
"2015";"Personen";"Drenthe (PV)";"x 1000";"477.8"
"2015";"Personen";"East Groningen (CR)";"x 1000";"133.7"
"2015";"Personen";"Delfzijl and surroundings (CR)";"x 1000";"46.3"
"2015";"Personen";"Other Groningen (CR)";"x 1000";"386.7"
"2015";"Personen";"North Frisia (CR)";"x 1000";"311.2"
"2015";"Personen";"Southwest Friesland (CR)";"x 1000";"138.7"
"2015";"Personen";"Southeast Frisia (CR)";"x 1000";"182.6"
"2015";"Personen";"North Drenthe (CR)";"x 1000";"184.5"
"2015";"Personen";"Southeast Drenthe (CR)";"x 1000";"165.5"
"2015";"Personen";"Southwest Drenthe (CR)";"x 1000";"127.8"
"2015";"Personen";"Aa and Hunze";"x 1000";"24.6"
"2015";"Personen";"eight-cart games";"x 1000";"27.7"
"2015";"Personen";"Ameland";"x 1000";"3.5"
"2015";"Personen";"shafts";"x 1000";"65.2"
"2015";"Personen";"Borger-Odoorn";"x 1000";"25.2"
"2015";"Personen";"Coevorden";"x 1000";"34.7"
"2015";"Personen";"dantumadiel";"x 1000";"18.7"
"2015";"Personen";"Eemsdelta";"x 1000";"46.3"
"2015";"Personen";"Emmen";"x 1000";"105.6"
"2015";"Personen";"The Fryske Marren";"x 1000";"50.6"
"2015";"Personen";"Groningen (municipality)";"x 1000";"217.6"
"2015";"Personen";"Harlingen";"x 1000";"15.4"
"2015";"Personen";"Heerenveen";"x 1000";"49.3"
"2015";"Personen";"The Highlands";"x 1000";"47.7"
"2015";"Personen";"Hoogeveen";"x 1000";"53.9"
"2015";"Personen";"Leeuwarden";"x 1000";"117.9"
"2015";"Personen";"Meppel";"x 1000";"32.2"
"2015";"Personen";"Central Drenthe";"x 1000";"32.7"
"2015";"Personen";"Central Groningen";"x 1000";"60.2"
"2015";"Personen";"Northeast-Fryslân";"x 1000";"44.8"
"2015";"Personen";"North field";"x 1000";"30.5"
"2015";"Personen";"old office";"x 1000";"37.7"
"2015";"Personen";"Ooststellingwerf";"x 1000";"25.0"
"2015";"Personen";"Opsterland";"x 1000";"29.2"
"2015";"Personen";"pekela";"x 1000";"12.2"
"2015";"Personen";"Schiermonnikoog";"x 1000";"0.9"
"2015";"Personen";"smalling country";"x 1000";"54.0"
"2015";"Personen";"city ​​channel";"x 1000";"31.7"
"2015";"Personen";"Southwest Friesland";"x 1000";"88.1"
"2015";"Personen";"Terschelling";"x 1000";"4.8"
"2015";"Personen";"Tynaarlo";"x 1000";"31.5"
"2015";"Personen";"Tytsjerksteradiel";"x 1000";"30.9"
"2015";"Personen";"Veendam";"x 1000";"27.3"
"2015";"Personen";"Vlieland";"x 1000";"1.1"
"2015";"Personen";"waadhoeke";"x 1000";"45.4"
"2015";"Personen";"western quarter";"x 1000";"61.1"
"2015";"Personen";"Westerveld";"x 1000";"18.4"
"2015";"Personen";"Westerwolde";"x 1000";"24.7"
"2015";"Personen";"Weststellingwerf";"x 1000";"25.1"
"2015";"Personen";"The Wolden";"x 1000";"23.3"
"2016";"Personen";"The Netherlands";"x 1000";"16595.2"
"2016";"Personen";"Northern Netherlands (LD)";"x 1000";"1674.6"
"2016";"Personen";"Groningen (PV)";"x 1000";"565.7"
"2016";"Personen";"Friesland (PV)";"x 1000";"631.8"
"2016";"Personen";"Drenthe (PV)";"x 1000";"477.1"
"2016";"Personen";"East Groningen (CR)";"x 1000";"132.7"
"2016";"Personen";"Delfzijl and surroundings (CR)";"x 1000";"45.9"
"2016";"Personen";"Other Groningen (CR)";"x 1000";"387.1"
"2016";"Personen";"North Frisia (CR)";"x 1000";"310.9"
"2016";"Personen";"Southwest Friesland (CR)";"x 1000";"138.5"
"2016";"Personen";"Southeast Frisia (CR)";"x 1000";"182.4"
"2016";"Personen";"North Drenthe (CR)";"x 1000";"184.5"
"2016";"Personen";"Southeast Drenthe (CR)";"x 1000";"165.0"
"2016";"Personen";"Southwest Drenthe (CR)";"x 1000";"127.6"
"2016";"Personen";"Aa and Hunze";"x 1000";"24.6"
"2016";"Personen";"eight-cart games";"x 1000";"27.7"
"2016";"Personen";"Ameland";"x 1000";"3.6"
"2016";"Personen";"shafts";"x 1000";"65.1"
"2016";"Personen";"Borger-Odoorn";"x 1000";"25.1"
"2016";"Personen";"Coevorden";"x 1000";"34.5"
"2016";"Personen";"dantumadiel";"x 1000";"18.6"
"2016";"Personen";"Eemsdelta";"x 1000";"45.9"
"2016";"Personen";"Emmen";"x 1000";"105.4"
"2016";"Personen";"The Fryske Marren";"x 1000";"50.6"
"2016";"Personen";"Groningen (municipality)";"x 1000";"218.4"
"2016";"Personen";"Harlingen";"x 1000";"15.4"
"2016";"Personen";"Heerenveen";"x 1000";"49.4"
"2016";"Personen";"The Highlands";"x 1000";"47.5"
"2016";"Personen";"Hoogeveen";"x 1000";"53.8"
"2016";"Personen";"Leeuwarden";"x 1000";"118.0"
"2016";"Personen";"Meppel";"x 1000";"32.1"
"2016";"Personen";"Central Drenthe";"x 1000";"32.6"
"2016";"Personen";"Central Groningen";"x 1000";"60.0"
"2016";"Personen";"Northeast-Fryslân";"x 1000";"44.7"
"2016";"Personen";"North field";"x 1000";"30.5"
"2016";"Personen";"old office";"x 1000";"37.5"
"2016";"Personen";"Ooststellingwerf";"x 1000";"24.8"
"2016";"Personen";"Opsterland";"x 1000";"29.2"
"2016";"Personen";"pekela";"x 1000";"12.1"
"2016";"Personen";"Schiermonnikoog";"x 1000";"0.9"
"2016";"Personen";"smalling country";"x 1000";"53.9"
"2016";"Personen";"city ​​channel";"x 1000";"31.5"
"2016";"Personen";"Southwest Friesland";"x 1000";"87.9"
"2016";"Personen";"Terschelling";"x 1000";"4.8"
"2016";"Personen";"Tynaarlo";"x 1000";"31.7"
"2016";"Personen";"Tytsjerksteradiel";"x 1000";"30.9"
"2016";"Personen";"Veendam";"x 1000";"27.0"
"2016";"Personen";"Vlieland";"x 1000";"1.1"
"2016";"Personen";"waadhoeke";"x 1000";"45.3"
"2016";"Personen";"western quarter";"x 1000";"61.2"
"2016";"Personen";"Westerveld";"x 1000";"18.3"
"2016";"Personen";"Westerwolde";"x 1000";"24.6"
"2016";"Personen";"Weststellingwerf";"x 1000";"25.0"
"2016";"Personen";"The Wolden";"x 1000";"23.3"
"2017";"Personen";"The Netherlands";"x 1000";"16707.3"
"2017";"Personen";"Northern Netherlands (LD)";"x 1000";"1678.1"
"2017";"Personen";"Groningen (PV)";"x 1000";"566.3"
"2017";"Personen";"Friesland (PV)";"x 1000";"632.8"
"2017";"Personen";"Drenthe (PV)";"x 1000";"478.9"
"2017";"Personen";"East Groningen (CR)";"x 1000";"132.2"
"2017";"Personen";"Delfzijl and surroundings (CR)";"x 1000";"45.7"
"2017";"Personen";"Other Groningen (CR)";"x 1000";"388.5"
"2017";"Personen";"North Frisia (CR)";"x 1000";"311.5"
"2017";"Personen";"Southwest Friesland (CR)";"x 1000";"138.7"
"2017";"Personen";"Southeast Frisia (CR)";"x 1000";"182.7"
"2017";"Personen";"North Drenthe (CR)";"x 1000";"185.6"
"2017";"Personen";"Southeast Drenthe (CR)";"x 1000";"165.1"
"2017";"Personen";"Southwest Drenthe (CR)";"x 1000";"128.2"
"2017";"Personen";"Aa and Hunze";"x 1000";"24.7"
"2017";"Personen";"eight-cart games";"x 1000";"27.6"
"2017";"Personen";"Ameland";"x 1000";"3.6"
"2017";"Personen";"shafts";"x 1000";"65.6"
"2017";"Personen";"Borger-Odoorn";"x 1000";"25.1"
"2017";"Personen";"Coevorden";"x 1000";"34.6"
"2017";"Personen";"dantumadiel";"x 1000";"18.6"
"2017";"Personen";"Eemsdelta";"x 1000";"45.7"
"2017";"Personen";"Emmen";"x 1000";"105.4"
"2017";"Personen";"The Fryske Marren";"x 1000";"50.7"
"2017";"Personen";"Groningen (municipality)";"x 1000";"219.7"
"2017";"Personen";"Harlingen";"x 1000";"15.5"
"2017";"Personen";"Heerenveen";"x 1000";"49.4"
"2017";"Personen";"The Highlands";"x 1000";"47.4"
"2017";"Personen";"Hoogeveen";"x 1000";"53.9"
"2017";"Personen";"Leeuwarden";"x 1000";"118.8"
"2017";"Personen";"Meppel";"x 1000";"32.4"
"2017";"Personen";"Central Drenthe";"x 1000";"32.5"
"2017";"Personen";"Central Groningen";"x 1000";"59.9"
"2017";"Personen";"Northeast-Fryslân";"x 1000";"44.7"
"2017";"Personen";"North field";"x 1000";"30.6"
"2017";"Personen";"old office";"x 1000";"37.5"
"2017";"Personen";"Ooststellingwerf";"x 1000";"24.8"
"2017";"Personen";"Opsterland";"x 1000";"29.1"
"2017";"Personen";"pekela";"x 1000";"12.1"
"2017";"Personen";"Schiermonnikoog";"x 1000";"0.9"
"2017";"Personen";"smalling country";"x 1000";"54.3"
"2017";"Personen";"city ​​channel";"x 1000";"31.5"
"2017";"Personen";"Southwest Friesland";"x 1000";"88.0"
"2017";"Personen";"Terschelling";"x 1000";"4.8"
"2017";"Personen";"Tynaarlo";"x 1000";"32.2"
"2017";"Personen";"Tytsjerksteradiel";"x 1000";"30.9"
"2017";"Personen";"Veendam";"x 1000";"27.1"
"2017";"Personen";"Vlieland";"x 1000";"1.1"
"2017";"Personen";"waadhoeke";"x 1000";"45.1"
"2017";"Personen";"western quarter";"x 1000";"61.5"
"2017";"Personen";"Westerveld";"x 1000";"18.4"
"2017";"Personen";"Westerwolde";"x 1000";"24.0"
"2017";"Personen";"Weststellingwerf";"x 1000";"25.1"
"2017";"Personen";"The Wolden";"x 1000";"23.4"
"2018";"Personen";"The Netherlands";"x 1000";"16806.3"
"2018";"Personen";"Northern Netherlands (LD)";"x 1000";"1679.5"
"2018";"Personen";"Groningen (PV)";"x 1000";"566.4"
"2018";"Personen";"Friesland (PV)";"x 1000";"633.1"
"2018";"Personen";"Drenthe (PV)";"x 1000";"480.0"
"2018";"Personen";"East Groningen (CR)";"x 1000";"132.0"
"2018";"Personen";"Delfzijl and surroundings (CR)";"x 1000";"45.3"
"2018";"Personen";"Other Groningen (CR)";"x 1000";"389.1"
"2018";"Personen";"North Frisia (CR)";"x 1000";"311.6"
"2018";"Personen";"Southwest Friesland (CR)";"x 1000";"138.7"
"2018";"Personen";"Southeast Frisia (CR)";"x 1000";"182.9"
"2018";"Personen";"North Drenthe (CR)";"x 1000";"186.1"
"2018";"Personen";"Southeast Drenthe (CR)";"x 1000";"164.8"
"2018";"Personen";"Southwest Drenthe (CR)";"x 1000";"129.1"
"2018";"Personen";"Aa and Hunze";"x 1000";"24.8"
"2018";"Personen";"eight-cart games";"x 1000";"27.6"
"2018";"Personen";"Ameland";"x 1000";"3.6"
"2018";"Personen";"shafts";"x 1000";"65.7"
"2018";"Personen";"Borger-Odoorn";"x 1000";"25.1"
"2018";"Personen";"Coevorden";"x 1000";"34.5"
"2018";"Personen";"dantumadiel";"x 1000";"18.5"
"2018";"Personen";"Eemsdelta";"x 1000";"45.3"
"2018";"Personen";"Emmen";"x 1000";"105.2"
"2018";"Personen";"The Fryske Marren";"x 1000";"50.7"
"2018";"Personen";"Groningen (municipality)";"x 1000";"220.4"
"2018";"Personen";"Harlingen";"x 1000";"15.4"
"2018";"Personen";"Heerenveen";"x 1000";"49.4"
"2018";"Personen";"The Highlands";"x 1000";"47.2"
"2018";"Personen";"Hoogeveen";"x 1000";"54.2"
"2018";"Personen";"Leeuwarden";"x 1000";"119.3"
"2018";"Personen";"Meppel";"x 1000";"32.8"
"2018";"Personen";"Central Drenthe";"x 1000";"32.6"
"2018";"Personen";"Central Groningen";"x 1000";"59.7"
"2018";"Personen";"Northeast-Fryslân";"x 1000";"44.5"
"2018";"Personen";"North field";"x 1000";"30.7"
"2018";"Personen";"old office";"x 1000";"37.3"
"2018";"Personen";"Ooststellingwerf";"x 1000";"24.8"
"2018";"Personen";"Opsterland";"x 1000";"29.2"
"2018";"Personen";"pekela";"x 1000";"12.1"
"2018";"Personen";"Schiermonnikoog";"x 1000";"0.9"
"2018";"Personen";"smalling country";"x 1000";"54.4"
"2018";"Personen";"city ​​channel";"x 1000";"31.4"
"2018";"Personen";"Southwest Friesland";"x 1000";"87.9"
"2018";"Personen";"Terschelling";"x 1000";"4.7"
"2018";"Personen";"Tynaarlo";"x 1000";"32.4"
"2018";"Personen";"Tytsjerksteradiel";"x 1000";"30.9"
"2018";"Personen";"Veendam";"x 1000";"27.1"
"2018";"Personen";"Vlieland";"x 1000";"1.1"
"2018";"Personen";"waadhoeke";"x 1000";"45.1"
"2018";"Personen";"western quarter";"x 1000";"61.7"
"2018";"Personen";"Westerveld";"x 1000";"18.6"
"2018";"Personen";"Westerwolde";"x 1000";"24.0"
"2018";"Personen";"Weststellingwerf";"x 1000";"25.2"
"2018";"Personen";"The Wolden";"x 1000";"23.5"
"2019";"Personen";"The Netherlands";"x 1000";"16909.9"
"2019";"Personen";"Northern Netherlands (LD)";"x 1000";"1682.3"
"2019";"Personen";"Groningen (PV)";"x 1000";"567.0"
"2019";"Personen";"Friesland (PV)";"x 1000";"634.3"
"2019";"Personen";"Drenthe (PV)";"x 1000";"481.1"
"2019";"Personen";"East Groningen (CR)";"x 1000";"131.8"
"2019";"Personen";"Delfzijl and surroundings (CR)";"x 1000";"45.0"
"2019";"Personen";"Other Groningen (CR)";"x 1000";"390.2"
"2019";"Personen";"North Frisia (CR)";"x 1000";"312.3"
"2019";"Personen";"Southwest Friesland (CR)";"x 1000";"138.8"
"2019";"Personen";"Southeast Frisia (CR)";"x 1000";"183.2"
"2019";"Personen";"North Drenthe (CR)";"x 1000";"186.8"
"2019";"Personen";"Southeast Drenthe (CR)";"x 1000";"164.6"
"2019";"Personen";"Southwest Drenthe (CR)";"x 1000";"129.6"
"2019";"Personen";"Aa and Hunze";"x 1000";"24.8"
"2019";"Personen";"eight-cart games";"x 1000";"27.6"
"2019";"Personen";"Ameland";"x 1000";"3.6"
"2019";"Personen";"shafts";"x 1000";"66.1"
"2019";"Personen";"Borger-Odoorn";"x 1000";"25.1"
"2019";"Personen";"Coevorden";"x 1000";"34.6"
"2019";"Personen";"dantumadiel";"x 1000";"18.5"
"2019";"Personen";"Eemsdelta";"x 1000";"45.0"
"2019";"Personen";"Emmen";"x 1000";"105.0"
"2019";"Personen";"The Fryske Marren";"x 1000";"50.7"
"2019";"Personen";"Groningen (municipality)";"x 1000";"221.5"
"2019";"Personen";"Harlingen";"x 1000";"15.4"
"2019";"Personen";"Heerenveen";"x 1000";"49.5"
"2019";"Personen";"The Highlands";"x 1000";"47.1"
"2019";"Personen";"Hoogeveen";"x 1000";"54.2"
"2019";"Personen";"Leeuwarden";"x 1000";"120.1"
"2019";"Personen";"Meppel";"x 1000";"32.9"
"2019";"Personen";"Central Drenthe";"x 1000";"32.6"
"2019";"Personen";"Central Groningen";"x 1000";"59.6"
"2019";"Personen";"Northeast-Fryslân";"x 1000";"44.5"
"2019";"Personen";"North field";"x 1000";"30.7"
"2019";"Personen";"old office";"x 1000";"37.3"
"2019";"Personen";"Ooststellingwerf";"x 1000";"24.8"
"2019";"Personen";"Opsterland";"x 1000";"29.1"
"2019";"Personen";"pekela";"x 1000";"12.1"
"2019";"Personen";"Schiermonnikoog";"x 1000";"0.9"
"2019";"Personen";"smalling country";"x 1000";"54.5"
"2019";"Personen";"city ​​channel";"x 1000";"31.3"
"2019";"Personen";"Southwest Friesland";"x 1000";"88.1"
"2019";"Personen";"Terschelling";"x 1000";"4.7"
"2019";"Personen";"Tynaarlo";"x 1000";"32.6"
"2019";"Personen";"Tytsjerksteradiel";"x 1000";"30.9"
"2019";"Personen";"Veendam";"x 1000";"27.1"
"2019";"Personen";"Vlieland";"x 1000";"1.1"
"2019";"Personen";"waadhoeke";"x 1000";"45.0"
"2019";"Personen";"western quarter";"x 1000";"62.0"
"2019";"Personen";"Westerveld";"x 1000";"18.8"
"2019";"Personen";"Westerwolde";"x 1000";"24.0"
"2019";"Personen";"Weststellingwerf";"x 1000";"25.3"
"2019";"Personen";"The Wolden";"x 1000";"23.7"
"2020*";"Personen";"The Netherlands";"x 1000";"17015.4"
"2020*";"Personen";"Northern Netherlands (LD)";"x 1000";"1685.5"
"2020*";"Personen";"Groningen (PV)";"x 1000";"567.6"
"2020*";"Personen";"Friesland (PV)";"x 1000";"635.8"
"2020*";"Personen";"Drenthe (PV)";"x 1000";"482.1"
"2020*";"Personen";"East Groningen (CR)";"x 1000";"131.7"
"2020*";"Personen";"Delfzijl and surroundings (CR)";"x 1000";"44.7"
"2020*";"Personen";"Other Groningen (CR)";"x 1000";"391.2"
"2020*";"Personen";"North Frisia (CR)";"x 1000";"313.4"
"2020*";"Personen";"Southwest Friesland (CR)";"x 1000";"138.9"
"2020*";"Personen";"Southeast Frisia (CR)";"x 1000";"183.5"
"2020*";"Personen";"North Drenthe (CR)";"x 1000";"187.2"
"2020*";"Personen";"Southeast Drenthe (CR)";"x 1000";"164.7"
"2020*";"Personen";"Southwest Drenthe (CR)";"x 1000";"130.2"
"2020*";"Personen";"Aa and Hunze";"x 1000";"24.9"
"2020*";"Personen";"eight-cart games";"x 1000";"27.6"
"2020*";"Personen";"Ameland";"x 1000";"3.6"
"2020*";"Personen";"shafts";"x 1000";"66.3"
"2020*";"Personen";"Borger-Odoorn";"x 1000";"25.2"
"2020*";"Personen";"Coevorden";"x 1000";"34.5"
"2020*";"Personen";"dantumadiel";"x 1000";"18.5"
"2020*";"Personen";"Eemsdelta";"x 1000";"44.7"
"2020*";"Personen";"Emmen";"x 1000";"105.0"
"2020*";"Personen";"The Fryske Marren";"x 1000";"50.7"
"2020*";"Personen";"Groningen (municipality)";"x 1000";"222.5"
"2020*";"Personen";"Harlingen";"x 1000";"15.4"
"2020*";"Personen";"Heerenveen";"x 1000";"49.7"
"2020*";"Personen";"The Highlands";"x 1000";"47.0"
"2020*";"Personen";"Hoogeveen";"x 1000";"54.2"
"2020*";"Personen";"Leeuwarden";"x 1000";"120.8"
"2020*";"Personen";"Meppel";"x 1000";"33.2"
"2020*";"Personen";"Central Drenthe";"x 1000";"32.6"
"2020*";"Personen";"Central Groningen";"x 1000";"59.5"
"2020*";"Personen";"Northeast-Fryslân";"x 1000";"44.5"
"2020*";"Personen";"North field";"x 1000";"30.6"
"2020*";"Personen";"old office";"x 1000";"37.4"
"2020*";"Personen";"Ooststellingwerf";"x 1000";"24.8"
"2020*";"Personen";"Opsterland";"x 1000";"29.1"
"2020*";"Personen";"pekela";"x 1000";"12.0"
"2020*";"Personen";"Schiermonnikoog";"x 1000";"0.9"
"2020*";"Personen";"smalling country";"x 1000";"54.5"
"2020*";"Personen";"city ​​channel";"x 1000";"31.2"
"2020*";"Personen";"Southwest Friesland";"x 1000";"88.2"
"2020*";"Personen";"Terschelling";"x 1000";"4.8"
"2020*";"Personen";"Tynaarlo";"x 1000";"32.8"
"2020*";"Personen";"Tytsjerksteradiel";"x 1000";"31.1"
"2020*";"Personen";"Veendam";"x 1000";"27.0"
"2020*";"Personen";"Vlieland";"x 1000";"1.1"
"2020*";"Personen";"waadhoeke";"x 1000";"45.1"
"2020*";"Personen";"western quarter";"x 1000";"62.2"
"2020*";"Personen";"Westerveld";"x 1000";"18.9"
"2020*";"Personen";"Westerwolde";"x 1000";"24.0"
"2020*";"Personen";"Weststellingwerf";"x 1000";"25.4"
"2020*";"Personen";"The Wolden";"x 1000";"23.9"
"Bron: CBS"
