﻿"Leerlingen, deelnemers en studenten; onderwijssoort, woonregio"
"Sex: Total men and women"
"Age: Total"
"Migration background: Total"
"";"";"";""
"Regions";"Subject";"Periods";"Education type";"";""
"The Netherlands";"Leerlingen/deelnemers/studenten";"2000/'01";"Total secondary education";"number";"."
"The Netherlands";"Leerlingen/deelnemers/studenten";"2000/'01";"Secondary general education years 1-3";"number";"."
"The Netherlands";"Leerlingen/deelnemers/studenten";"2000/'01";"Vwo 3-6";"number";"."
"The Netherlands";"Leerlingen/deelnemers/studenten";"2000/'01";"Havo 3-5";"number";"."
"The Netherlands";"Leerlingen/deelnemers/studenten";"2000/'01";"VMBO theoretical-mixed learning path 3-4";"number";"."
"The Netherlands";"Leerlingen/deelnemers/studenten";"2000/'01";"VMBO basic-framework professional 3-4";"number";"."
"The Netherlands";"Leerlingen/deelnemers/studenten";"2000/'01";"Practical education";"number";"."
"The Netherlands";"Leerlingen/deelnemers/studenten";"2000/'01";"Vavo";"number";"."
"The Netherlands";"Leerlingen/deelnemers/studenten";"2000/'01";"Total secondary vocational education";"number";"."
"The Netherlands";"Leerlingen/deelnemers/studenten";"2000/'01";"MBO bol";"number";"."
"The Netherlands";"Leerlingen/deelnemers/studenten";"2000/'01";"mbo bbl";"number";"."
"The Netherlands";"Leerlingen/deelnemers/studenten";"2000/'01";"Assistant training (level 1)";"number";"."
"The Netherlands";"Leerlingen/deelnemers/studenten";"2000/'01";"Basic vocational training (level 2)";"number";"."
"The Netherlands";"Leerlingen/deelnemers/studenten";"2000/'01";"Vocational training (level 3)";"number";"."
"The Netherlands";"Leerlingen/deelnemers/studenten";"2000/'01";"Middle management training (level 4a)";"number";"."
"The Netherlands";"Leerlingen/deelnemers/studenten";"2000/'01";"Specialist training (level 4b)";"number";"."
"The Netherlands";"Leerlingen/deelnemers/studenten";"2000/'01";"Higher professional education";"number";"312698"
"The Netherlands";"Leerlingen/deelnemers/studenten";"2000/'01";"science education";"number";"166299"
"The Netherlands";"Leerlingen/deelnemers/studenten";"2001/'02";"Total secondary education";"number";"."
"The Netherlands";"Leerlingen/deelnemers/studenten";"2001/'02";"Secondary general education years 1-3";"number";"."
"The Netherlands";"Leerlingen/deelnemers/studenten";"2001/'02";"Vwo 3-6";"number";"."
"The Netherlands";"Leerlingen/deelnemers/studenten";"2001/'02";"Havo 3-5";"number";"."
"The Netherlands";"Leerlingen/deelnemers/studenten";"2001/'02";"VMBO theoretical-mixed learning path 3-4";"number";"."
"The Netherlands";"Leerlingen/deelnemers/studenten";"2001/'02";"VMBO basic-framework professional 3-4";"number";"."
"The Netherlands";"Leerlingen/deelnemers/studenten";"2001/'02";"Practical education";"number";"."
"The Netherlands";"Leerlingen/deelnemers/studenten";"2001/'02";"Vavo";"number";"."
"The Netherlands";"Leerlingen/deelnemers/studenten";"2001/'02";"Total secondary vocational education";"number";"."
"The Netherlands";"Leerlingen/deelnemers/studenten";"2001/'02";"MBO bol";"number";"."
"The Netherlands";"Leerlingen/deelnemers/studenten";"2001/'02";"mbo bbl";"number";"."
"The Netherlands";"Leerlingen/deelnemers/studenten";"2001/'02";"Assistant training (level 1)";"number";"."
"The Netherlands";"Leerlingen/deelnemers/studenten";"2001/'02";"Basic vocational training (level 2)";"number";"."
"The Netherlands";"Leerlingen/deelnemers/studenten";"2001/'02";"Vocational training (level 3)";"number";"."
"The Netherlands";"Leerlingen/deelnemers/studenten";"2001/'02";"Middle management training (level 4a)";"number";"."
"The Netherlands";"Leerlingen/deelnemers/studenten";"2001/'02";"Specialist training (level 4b)";"number";"."
"The Netherlands";"Leerlingen/deelnemers/studenten";"2001/'02";"Higher professional education";"number";"321508"
"The Netherlands";"Leerlingen/deelnemers/studenten";"2001/'02";"science education";"number";"173053"
"The Netherlands";"Leerlingen/deelnemers/studenten";"2002/'03";"Total secondary education";"number";"."
"The Netherlands";"Leerlingen/deelnemers/studenten";"2002/'03";"Secondary general education years 1-3";"number";"."
"The Netherlands";"Leerlingen/deelnemers/studenten";"2002/'03";"Vwo 3-6";"number";"."
"The Netherlands";"Leerlingen/deelnemers/studenten";"2002/'03";"Havo 3-5";"number";"."
"The Netherlands";"Leerlingen/deelnemers/studenten";"2002/'03";"VMBO theoretical-mixed learning path 3-4";"number";"."
"The Netherlands";"Leerlingen/deelnemers/studenten";"2002/'03";"VMBO basic-framework professional 3-4";"number";"."
"The Netherlands";"Leerlingen/deelnemers/studenten";"2002/'03";"Practical education";"number";"."
"The Netherlands";"Leerlingen/deelnemers/studenten";"2002/'03";"Vavo";"number";"."
"The Netherlands";"Leerlingen/deelnemers/studenten";"2002/'03";"Total secondary vocational education";"number";"."
"The Netherlands";"Leerlingen/deelnemers/studenten";"2002/'03";"MBO bol";"number";"."
"The Netherlands";"Leerlingen/deelnemers/studenten";"2002/'03";"mbo bbl";"number";"."
"The Netherlands";"Leerlingen/deelnemers/studenten";"2002/'03";"Assistant training (level 1)";"number";"."
"The Netherlands";"Leerlingen/deelnemers/studenten";"2002/'03";"Basic vocational training (level 2)";"number";"."
"The Netherlands";"Leerlingen/deelnemers/studenten";"2002/'03";"Vocational training (level 3)";"number";"."
"The Netherlands";"Leerlingen/deelnemers/studenten";"2002/'03";"Middle management training (level 4a)";"number";"."
"The Netherlands";"Leerlingen/deelnemers/studenten";"2002/'03";"Specialist training (level 4b)";"number";"."
"The Netherlands";"Leerlingen/deelnemers/studenten";"2002/'03";"Higher professional education";"number";"322963"
"The Netherlands";"Leerlingen/deelnemers/studenten";"2002/'03";"science education";"number";"180100"
"The Netherlands";"Leerlingen/deelnemers/studenten";"2003/'04";"Total secondary education";"number";"862542"
"The Netherlands";"Leerlingen/deelnemers/studenten";"2003/'04";"Secondary general education years 1-3";"number";"387303"
"The Netherlands";"Leerlingen/deelnemers/studenten";"2003/'04";"Vwo 3-6";"number";"136303"
"The Netherlands";"Leerlingen/deelnemers/studenten";"2003/'04";"Havo 3-5";"number";"128545"
"The Netherlands";"Leerlingen/deelnemers/studenten";"2003/'04";"VMBO theoretical-mixed learning path 3-4";"number";"95699"
"The Netherlands";"Leerlingen/deelnemers/studenten";"2003/'04";"VMBO basic-framework professional 3-4";"number";"114692"
"The Netherlands";"Leerlingen/deelnemers/studenten";"2003/'04";"Practical education";"number";"."
"The Netherlands";"Leerlingen/deelnemers/studenten";"2003/'04";"Vavo";"number";"."
"The Netherlands";"Leerlingen/deelnemers/studenten";"2003/'04";"Total secondary vocational education";"number";"."
"The Netherlands";"Leerlingen/deelnemers/studenten";"2003/'04";"MBO bol";"number";"."
"The Netherlands";"Leerlingen/deelnemers/studenten";"2003/'04";"mbo bbl";"number";"."
"The Netherlands";"Leerlingen/deelnemers/studenten";"2003/'04";"Assistant training (level 1)";"number";"."
"The Netherlands";"Leerlingen/deelnemers/studenten";"2003/'04";"Basic vocational training (level 2)";"number";"."
"The Netherlands";"Leerlingen/deelnemers/studenten";"2003/'04";"Vocational training (level 3)";"number";"."
"The Netherlands";"Leerlingen/deelnemers/studenten";"2003/'04";"Middle management training (level 4a)";"number";"."
"The Netherlands";"Leerlingen/deelnemers/studenten";"2003/'04";"Specialist training (level 4b)";"number";"."
"The Netherlands";"Leerlingen/deelnemers/studenten";"2003/'04";"Higher professional education";"number";"335706"
"The Netherlands";"Leerlingen/deelnemers/studenten";"2003/'04";"science education";"number";"189516"
"The Netherlands";"Leerlingen/deelnemers/studenten";"2004/'05";"Total secondary education";"number";"874315"
"The Netherlands";"Leerlingen/deelnemers/studenten";"2004/'05";"Secondary general education years 1-3";"number";"389956"
"The Netherlands";"Leerlingen/deelnemers/studenten";"2004/'05";"Vwo 3-6";"number";"142566"
"The Netherlands";"Leerlingen/deelnemers/studenten";"2004/'05";"Havo 3-5";"number";"132555"
"The Netherlands";"Leerlingen/deelnemers/studenten";"2004/'05";"VMBO theoretical-mixed learning path 3-4";"number";"96964"
"The Netherlands";"Leerlingen/deelnemers/studenten";"2004/'05";"VMBO basic-framework professional 3-4";"number";"112274"
"The Netherlands";"Leerlingen/deelnemers/studenten";"2004/'05";"Practical education";"number";"."
"The Netherlands";"Leerlingen/deelnemers/studenten";"2004/'05";"Vavo";"number";"."
"The Netherlands";"Leerlingen/deelnemers/studenten";"2004/'05";"Total secondary vocational education";"number";"."
"The Netherlands";"Leerlingen/deelnemers/studenten";"2004/'05";"MBO bol";"number";"."
"The Netherlands";"Leerlingen/deelnemers/studenten";"2004/'05";"mbo bbl";"number";"."
"The Netherlands";"Leerlingen/deelnemers/studenten";"2004/'05";"Assistant training (level 1)";"number";"."
"The Netherlands";"Leerlingen/deelnemers/studenten";"2004/'05";"Basic vocational training (level 2)";"number";"."
"The Netherlands";"Leerlingen/deelnemers/studenten";"2004/'05";"Vocational training (level 3)";"number";"."
"The Netherlands";"Leerlingen/deelnemers/studenten";"2004/'05";"Middle management training (level 4a)";"number";"."
"The Netherlands";"Leerlingen/deelnemers/studenten";"2004/'05";"Specialist training (level 4b)";"number";"."
"The Netherlands";"Leerlingen/deelnemers/studenten";"2004/'05";"Higher professional education";"number";"346640"
"The Netherlands";"Leerlingen/deelnemers/studenten";"2004/'05";"science education";"number";"199556"
"The Netherlands";"Leerlingen/deelnemers/studenten";"2005/'06";"Total secondary education";"number";"912601"
"The Netherlands";"Leerlingen/deelnemers/studenten";"2005/'06";"Secondary general education years 1-3";"number";"399531"
"The Netherlands";"Leerlingen/deelnemers/studenten";"2005/'06";"Vwo 3-6";"number";"149673"
"The Netherlands";"Leerlingen/deelnemers/studenten";"2005/'06";"Havo 3-5";"number";"137215"
"The Netherlands";"Leerlingen/deelnemers/studenten";"2005/'06";"VMBO theoretical-mixed learning path 3-4";"number";"102057"
"The Netherlands";"Leerlingen/deelnemers/studenten";"2005/'06";"VMBO basic-framework professional 3-4";"number";"124125"
"The Netherlands";"Leerlingen/deelnemers/studenten";"2005/'06";"Practical education";"number";"."
"The Netherlands";"Leerlingen/deelnemers/studenten";"2005/'06";"Vavo";"number";"."
"The Netherlands";"Leerlingen/deelnemers/studenten";"2005/'06";"Total secondary vocational education";"number";"483812"
"The Netherlands";"Leerlingen/deelnemers/studenten";"2005/'06";"MBO bol";"number";"346736"
"The Netherlands";"Leerlingen/deelnemers/studenten";"2005/'06";"mbo bbl";"number";"137076"
"The Netherlands";"Leerlingen/deelnemers/studenten";"2005/'06";"Assistant training (level 1)";"number";"23312"
"The Netherlands";"Leerlingen/deelnemers/studenten";"2005/'06";"Basic vocational training (level 2)";"number";"125055"
"The Netherlands";"Leerlingen/deelnemers/studenten";"2005/'06";"Vocational training (level 3)";"number";"125281"
"The Netherlands";"Leerlingen/deelnemers/studenten";"2005/'06";"Middle management training (level 4a)";"number";"202821"
"The Netherlands";"Leerlingen/deelnemers/studenten";"2005/'06";"Specialist training (level 4b)";"number";"7343"
"The Netherlands";"Leerlingen/deelnemers/studenten";"2005/'06";"Higher professional education";"number";"356842"
"The Netherlands";"Leerlingen/deelnemers/studenten";"2005/'06";"science education";"number";"205886"
"The Netherlands";"Leerlingen/deelnemers/studenten";"2006/'07";"Total secondary education";"number";"915245"
"The Netherlands";"Leerlingen/deelnemers/studenten";"2006/'07";"Secondary general education years 1-3";"number";"394118"
"The Netherlands";"Leerlingen/deelnemers/studenten";"2006/'07";"Vwo 3-6";"number";"155935"
"The Netherlands";"Leerlingen/deelnemers/studenten";"2006/'07";"Havo 3-5";"number";"141824"
"The Netherlands";"Leerlingen/deelnemers/studenten";"2006/'07";"VMBO theoretical-mixed learning path 3-4";"number";"103623"
"The Netherlands";"Leerlingen/deelnemers/studenten";"2006/'07";"VMBO basic-framework professional 3-4";"number";"119745"
"The Netherlands";"Leerlingen/deelnemers/studenten";"2006/'07";"Practical education";"number";"."
"The Netherlands";"Leerlingen/deelnemers/studenten";"2006/'07";"Vavo";"number";"11986"
"The Netherlands";"Leerlingen/deelnemers/studenten";"2006/'07";"Total secondary vocational education";"number";"496227"
"The Netherlands";"Leerlingen/deelnemers/studenten";"2006/'07";"MBO bol";"number";"355408"
"The Netherlands";"Leerlingen/deelnemers/studenten";"2006/'07";"mbo bbl";"number";"140819"
"The Netherlands";"Leerlingen/deelnemers/studenten";"2006/'07";"Assistant training (level 1)";"number";"22990"
"The Netherlands";"Leerlingen/deelnemers/studenten";"2006/'07";"Basic vocational training (level 2)";"number";"126702"
"The Netherlands";"Leerlingen/deelnemers/studenten";"2006/'07";"Vocational training (level 3)";"number";"128603"
"The Netherlands";"Leerlingen/deelnemers/studenten";"2006/'07";"Middle management training (level 4a)";"number";"211063"
"The Netherlands";"Leerlingen/deelnemers/studenten";"2006/'07";"Specialist training (level 4b)";"number";"6869"
"The Netherlands";"Leerlingen/deelnemers/studenten";"2006/'07";"Higher professional education";"number";"366689"
"The Netherlands";"Leerlingen/deelnemers/studenten";"2006/'07";"science education";"number";"208618"
"The Netherlands";"Leerlingen/deelnemers/studenten";"2007/'08";"Total secondary education";"number";"941136"
"The Netherlands";"Leerlingen/deelnemers/studenten";"2007/'08";"Secondary general education years 1-3";"number";"390017"
"The Netherlands";"Leerlingen/deelnemers/studenten";"2007/'08";"Vwo 3-6";"number";"161290"
"The Netherlands";"Leerlingen/deelnemers/studenten";"2007/'08";"Havo 3-5";"number";"145291"
"The Netherlands";"Leerlingen/deelnemers/studenten";"2007/'08";"VMBO theoretical-mixed learning path 3-4";"number";"103105"
"The Netherlands";"Leerlingen/deelnemers/studenten";"2007/'08";"VMBO basic-framework professional 3-4";"number";"114355"
"The Netherlands";"Leerlingen/deelnemers/studenten";"2007/'08";"Practical education";"number";"27078"
"The Netherlands";"Leerlingen/deelnemers/studenten";"2007/'08";"Vavo";"number";"13078"
"The Netherlands";"Leerlingen/deelnemers/studenten";"2007/'08";"Total secondary vocational education";"number";"509642"
"The Netherlands";"Leerlingen/deelnemers/studenten";"2007/'08";"MBO bol";"number";"349619"
"The Netherlands";"Leerlingen/deelnemers/studenten";"2007/'08";"mbo bbl";"number";"160023"
"The Netherlands";"Leerlingen/deelnemers/studenten";"2007/'08";"Assistant training (level 1)";"number";"22521"
"The Netherlands";"Leerlingen/deelnemers/studenten";"2007/'08";"Basic vocational training (level 2)";"number";"132048"
"The Netherlands";"Leerlingen/deelnemers/studenten";"2007/'08";"Vocational training (level 3)";"number";"132508"
"The Netherlands";"Leerlingen/deelnemers/studenten";"2007/'08";"Middle management training (level 4a)";"number";"216156"
"The Netherlands";"Leerlingen/deelnemers/studenten";"2007/'08";"Specialist training (level 4b)";"number";"6409"
"The Netherlands";"Leerlingen/deelnemers/studenten";"2007/'08";"Higher professional education";"number";"374802"
"The Netherlands";"Leerlingen/deelnemers/studenten";"2007/'08";"science education";"number";"212713"
"The Netherlands";"Leerlingen/deelnemers/studenten";"2008/'09";"Total secondary education";"number";"934560"
"The Netherlands";"Leerlingen/deelnemers/studenten";"2008/'09";"Secondary general education years 1-3";"number";"385408"
"The Netherlands";"Leerlingen/deelnemers/studenten";"2008/'09";"Vwo 3-6";"number";"164446"
"The Netherlands";"Leerlingen/deelnemers/studenten";"2008/'09";"Havo 3-5";"number";"145617"
"The Netherlands";"Leerlingen/deelnemers/studenten";"2008/'09";"VMBO theoretical-mixed learning path 3-4";"number";"102279"
"The Netherlands";"Leerlingen/deelnemers/studenten";"2008/'09";"VMBO basic-framework professional 3-4";"number";"109934"
"The Netherlands";"Leerlingen/deelnemers/studenten";"2008/'09";"Practical education";"number";"26876"
"The Netherlands";"Leerlingen/deelnemers/studenten";"2008/'09";"Vavo";"number";"15364"
"The Netherlands";"Leerlingen/deelnemers/studenten";"2008/'09";"Total secondary vocational education";"number";"513925"
"The Netherlands";"Leerlingen/deelnemers/studenten";"2008/'09";"MBO bol";"number";"342394"
"The Netherlands";"Leerlingen/deelnemers/studenten";"2008/'09";"mbo bbl";"number";"171531"
"The Netherlands";"Leerlingen/deelnemers/studenten";"2008/'09";"Assistant training (level 1)";"number";"21646"
"The Netherlands";"Leerlingen/deelnemers/studenten";"2008/'09";"Basic vocational training (level 2)";"number";"133729"
"The Netherlands";"Leerlingen/deelnemers/studenten";"2008/'09";"Vocational training (level 3)";"number";"136446"
"The Netherlands";"Leerlingen/deelnemers/studenten";"2008/'09";"Middle management training (level 4a)";"number";"216435"
"The Netherlands";"Leerlingen/deelnemers/studenten";"2008/'09";"Specialist training (level 4b)";"number";"5669"
"The Netherlands";"Leerlingen/deelnemers/studenten";"2008/'09";"Higher professional education";"number";"383713"
"The Netherlands";"Leerlingen/deelnemers/studenten";"2008/'09";"science education";"number";"220504"
"The Netherlands";"Leerlingen/deelnemers/studenten";"2009/'10";"Total secondary education";"number";"934943"
"The Netherlands";"Leerlingen/deelnemers/studenten";"2009/'10";"Secondary general education years 1-3";"number";"387600"
"The Netherlands";"Leerlingen/deelnemers/studenten";"2009/'10";"Vwo 3-6";"number";"163659"
"The Netherlands";"Leerlingen/deelnemers/studenten";"2009/'10";"Havo 3-5";"number";"149403"
"The Netherlands";"Leerlingen/deelnemers/studenten";"2009/'10";"VMBO theoretical-mixed learning path 3-4";"number";"101817"
"The Netherlands";"Leerlingen/deelnemers/studenten";"2009/'10";"VMBO basic-framework professional 3-4";"number";"105706"
"The Netherlands";"Leerlingen/deelnemers/studenten";"2009/'10";"Practical education";"number";"26758"
"The Netherlands";"Leerlingen/deelnemers/studenten";"2009/'10";"Vavo";"number";"16665"
"The Netherlands";"Leerlingen/deelnemers/studenten";"2009/'10";"Total secondary vocational education";"number";"522274"
"The Netherlands";"Leerlingen/deelnemers/studenten";"2009/'10";"MBO bol";"number";"351392"
"The Netherlands";"Leerlingen/deelnemers/studenten";"2009/'10";"mbo bbl";"number";"170882"
"The Netherlands";"Leerlingen/deelnemers/studenten";"2009/'10";"Assistant training (level 1)";"number";"24156"
"The Netherlands";"Leerlingen/deelnemers/studenten";"2009/'10";"Basic vocational training (level 2)";"number";"130254"
"The Netherlands";"Leerlingen/deelnemers/studenten";"2009/'10";"Vocational training (level 3)";"number";"141975"
"The Netherlands";"Leerlingen/deelnemers/studenten";"2009/'10";"Middle management training (level 4a)";"number";"221209"
"The Netherlands";"Leerlingen/deelnemers/studenten";"2009/'10";"Specialist training (level 4b)";"number";"4680"
"The Netherlands";"Leerlingen/deelnemers/studenten";"2009/'10";"Higher professional education";"number";"403278"
"The Netherlands";"Leerlingen/deelnemers/studenten";"2009/'10";"science education";"number";"233128"
"The Netherlands";"Leerlingen/deelnemers/studenten";"2010/'11";"Total secondary education";"number";"939534"
"The Netherlands";"Leerlingen/deelnemers/studenten";"2010/'11";"Secondary general education years 1-3";"number";"393354"
"The Netherlands";"Leerlingen/deelnemers/studenten";"2010/'11";"Vwo 3-6";"number";"164687"
"The Netherlands";"Leerlingen/deelnemers/studenten";"2010/'11";"Havo 3-5";"number";"151193"
"The Netherlands";"Leerlingen/deelnemers/studenten";"2010/'11";"VMBO theoretical-mixed learning path 3-4";"number";"101714"
"The Netherlands";"Leerlingen/deelnemers/studenten";"2010/'11";"VMBO basic-framework professional 3-4";"number";"101967"
"The Netherlands";"Leerlingen/deelnemers/studenten";"2010/'11";"Practical education";"number";"26619"
"The Netherlands";"Leerlingen/deelnemers/studenten";"2010/'11";"Vavo";"number";"15175"
"The Netherlands";"Leerlingen/deelnemers/studenten";"2010/'11";"Total secondary vocational education";"number";"528009"
"The Netherlands";"Leerlingen/deelnemers/studenten";"2010/'11";"MBO bol";"number";"357758"
"The Netherlands";"Leerlingen/deelnemers/studenten";"2010/'11";"mbo bbl";"number";"170251"
"The Netherlands";"Leerlingen/deelnemers/studenten";"2010/'11";"Assistant training (level 1)";"number";"25084"
"The Netherlands";"Leerlingen/deelnemers/studenten";"2010/'11";"Basic vocational training (level 2)";"number";"129347"
"The Netherlands";"Leerlingen/deelnemers/studenten";"2010/'11";"Vocational training (level 3)";"number";"144542"
"The Netherlands";"Leerlingen/deelnemers/studenten";"2010/'11";"Middle management training (level 4a)";"number";"225304"
"The Netherlands";"Leerlingen/deelnemers/studenten";"2010/'11";"Specialist training (level 4b)";"number";"3732"
"The Netherlands";"Leerlingen/deelnemers/studenten";"2010/'11";"Higher professional education";"number";"416629"
"The Netherlands";"Leerlingen/deelnemers/studenten";"2010/'11";"Wetenschappelijk onderwijs";"aantal";"242345"
"The Netherlands";"Leerlingen/deelnemers/studenten";"2011/'12";"Totaal voortgezet onderwijs";"aantal";"948673"
"The Netherlands";"Leerlingen/deelnemers/studenten";"2011/'12";"Vo algemene leerjaren 1-3";"aantal";"402286"
"The Netherlands";"Leerlingen/deelnemers/studenten";"2011/'12";"Vwo 3-6";"aantal";"163477"
"The Netherlands";"Leerlingen/deelnemers/studenten";"2011/'12";"Havo 3-5";"aantal";"152245"
"The Netherlands";"Leerlingen/deelnemers/studenten";"2011/'12";"Vmbo theoretische-gemengde leerweg 3-4";"aantal";"103893"
"The Netherlands";"Leerlingen/deelnemers/studenten";"2011/'12";"Vmbo basis-kaderberoeps 3-4";"aantal";"100028"
"The Netherlands";"Leerlingen/deelnemers/studenten";"2011/'12";"Praktijkonderwijs";"aantal";"26744"
"The Netherlands";"Leerlingen/deelnemers/studenten";"2011/'12";"Vavo";"aantal";"13746"
"The Netherlands";"Leerlingen/deelnemers/studenten";"2011/'12";"Totaal middelbaar beroepsonderwijs";"aantal";"519962"
"The Netherlands";"Leerlingen/deelnemers/studenten";"2011/'12";"Mbo bol";"aantal";"357687"
"The Netherlands";"Leerlingen/deelnemers/studenten";"2011/'12";"Mbo bbl";"aantal";"162275"
"The Netherlands";"Leerlingen/deelnemers/studenten";"2011/'12";"Assistentopleiding (niveau 1)";"aantal";"23630"
"The Netherlands";"Leerlingen/deelnemers/studenten";"2011/'12";"Basisberoepsopleiding (niveau 2)";"aantal";"124018"
"The Netherlands";"Leerlingen/deelnemers/studenten";"2011/'12";"Vakopleiding (niveau 3)";"aantal";"142881"
"The Netherlands";"Leerlingen/deelnemers/studenten";"2011/'12";"Middenkaderopleiding (niveau 4a)";"aantal";"226931"
"The Netherlands";"Leerlingen/deelnemers/studenten";"2011/'12";"Specialistenopleiding (niveau 4b)";"aantal";"2502"
"The Netherlands";"Leerlingen/deelnemers/studenten";"2011/'12";"Hoger beroepsonderwijs";"aantal";"423945"
"The Netherlands";"Leerlingen/deelnemers/studenten";"2011/'12";"Wetenschappelijk onderwijs";"aantal";"245428"
"The Netherlands";"Leerlingen/deelnemers/studenten";"2012/'13";"Totaal voortgezet onderwijs";"aantal";"960682"
"The Netherlands";"Leerlingen/deelnemers/studenten";"2012/'13";"Vo algemene leerjaren 1-3";"aantal";"409554"
"The Netherlands";"Leerlingen/deelnemers/studenten";"2012/'13";"Vwo 3-6";"aantal";"161814"
"The Netherlands";"Leerlingen/deelnemers/studenten";"2012/'13";"Havo 3-5";"aantal";"153679"
"The Netherlands";"Leerlingen/deelnemers/studenten";"2012/'13";"Vmbo theoretische-gemengde leerweg 3-4";"aantal";"107970"
"The Netherlands";"Leerlingen/deelnemers/studenten";"2012/'13";"Vmbo basis-kaderberoeps 3-4";"aantal";"100076"
"The Netherlands";"Leerlingen/deelnemers/studenten";"2012/'13";"Praktijkonderwijs";"aantal";"27589"
"The Netherlands";"Leerlingen/deelnemers/studenten";"2012/'13";"Vavo";"aantal";"13334"
"The Netherlands";"Leerlingen/deelnemers/studenten";"2012/'13";"Totaal middelbaar beroepsonderwijs";"aantal";"510857"
"The Netherlands";"Leerlingen/deelnemers/studenten";"2012/'13";"Mbo bol";"aantal";"360202"
"The Netherlands";"Leerlingen/deelnemers/studenten";"2012/'13";"Mbo bbl";"aantal";"150655"
"The Netherlands";"Leerlingen/deelnemers/studenten";"2012/'13";"Assistentopleiding (niveau 1)";"aantal";"22580"
"The Netherlands";"Leerlingen/deelnemers/studenten";"2012/'13";"Basisberoepsopleiding (niveau 2)";"aantal";"118223"
"The Netherlands";"Leerlingen/deelnemers/studenten";"2012/'13";"Vakopleiding (niveau 3)";"aantal";"139634"
"The Netherlands";"Leerlingen/deelnemers/studenten";"2012/'13";"Middenkaderopleiding (niveau 4a)";"aantal";"228849"
"The Netherlands";"Leerlingen/deelnemers/studenten";"2012/'13";"Specialistenopleiding (niveau 4b)";"aantal";"1571"
"The Netherlands";"Leerlingen/deelnemers/studenten";"2012/'13";"Hoger beroepsonderwijs";"aantal";"421693"
"The Netherlands";"Leerlingen/deelnemers/studenten";"2012/'13";"Wetenschappelijk onderwijs";"aantal";"241372"
"The Netherlands";"Leerlingen/deelnemers/studenten";"2013/'14";"Totaal voortgezet onderwijs";"aantal";"973514"
"The Netherlands";"Leerlingen/deelnemers/studenten";"2013/'14";"Vo algemene leerjaren 1-3";"aantal";"413877"
"The Netherlands";"Leerlingen/deelnemers/studenten";"2013/'14";"Vwo 3-6";"aantal";"161264"
"The Netherlands";"Leerlingen/deelnemers/studenten";"2013/'14";"Havo 3-5";"aantal";"156687"
"The Netherlands";"Leerlingen/deelnemers/studenten";"2013/'14";"Vmbo theoretische-gemengde leerweg 3-4";"aantal";"111637"
"The Netherlands";"Leerlingen/deelnemers/studenten";"2013/'14";"Vmbo basis-kaderberoeps 3-4";"aantal";"101423"
"The Netherlands";"Leerlingen/deelnemers/studenten";"2013/'14";"Praktijkonderwijs";"aantal";"28626"
"The Netherlands";"Leerlingen/deelnemers/studenten";"2013/'14";"Vavo";"aantal";"13453"
"The Netherlands";"Leerlingen/deelnemers/studenten";"2013/'14";"Totaal middelbaar beroepsonderwijs";"aantal";"498108"
"The Netherlands";"Leerlingen/deelnemers/studenten";"2013/'14";"Mbo bol";"aantal";"370595"
"The Netherlands";"Leerlingen/deelnemers/studenten";"2013/'14";"Mbo bbl";"aantal";"127513"
"The Netherlands";"Leerlingen/deelnemers/studenten";"2013/'14";"Assistentopleiding (niveau 1)";"aantal";"19338"
"The Netherlands";"Leerlingen/deelnemers/studenten";"2013/'14";"Basisberoepsopleiding (niveau 2)";"aantal";"108231"
"The Netherlands";"Leerlingen/deelnemers/studenten";"2013/'14";"Vakopleiding (niveau 3)";"aantal";"135582"
"The Netherlands";"Leerlingen/deelnemers/studenten";"2013/'14";"Middenkaderopleiding (niveau 4a)";"aantal";"234390"
"The Netherlands";"Leerlingen/deelnemers/studenten";"2013/'14";"Specialistenopleiding (niveau 4b)";"aantal";"567"
"The Netherlands";"Leerlingen/deelnemers/studenten";"2013/'14";"Hoger beroepsonderwijs";"aantal";"440293"
"The Netherlands";"Leerlingen/deelnemers/studenten";"2013/'14";"Wetenschappelijk onderwijs";"aantal";"250186"
"The Netherlands";"Leerlingen/deelnemers/studenten";"2014/'15";"Totaal voortgezet onderwijs";"aantal";"985069"
"The Netherlands";"Leerlingen/deelnemers/studenten";"2014/'15";"Vo algemene leerjaren 1-3";"aantal";"414100"
"The Netherlands";"Leerlingen/deelnemers/studenten";"2014/'15";"Vwo 3-6";"aantal";"163470"
"The Netherlands";"Leerlingen/deelnemers/studenten";"2014/'15";"Havo 3-5";"aantal";"160028"
"The Netherlands";"Leerlingen/deelnemers/studenten";"2014/'15";"Vmbo theoretische-gemengde leerweg 3-4";"aantal";"114866"
"The Netherlands";"Leerlingen/deelnemers/studenten";"2014/'15";"Vmbo basis-kaderberoeps 3-4";"aantal";"103331"
"The Netherlands";"Leerlingen/deelnemers/studenten";"2014/'15";"Praktijkonderwijs";"aantal";"29274"
"The Netherlands";"Leerlingen/deelnemers/studenten";"2014/'15";"Vavo";"aantal";"13791"
"The Netherlands";"Leerlingen/deelnemers/studenten";"2014/'15";"Totaal middelbaar beroepsonderwijs";"aantal";"481405"
"The Netherlands";"Leerlingen/deelnemers/studenten";"2014/'15";"Mbo bol";"aantal";"378021"
"The Netherlands";"Leerlingen/deelnemers/studenten";"2014/'15";"Mbo bbl";"aantal";"103384"
"The Netherlands";"Leerlingen/deelnemers/studenten";"2014/'15";"Assistentopleiding (niveau 1)";"aantal";"13233"
"The Netherlands";"Leerlingen/deelnemers/studenten";"2014/'15";"Basisberoepsopleiding (niveau 2)";"aantal";"97135"
"The Netherlands";"Leerlingen/deelnemers/studenten";"2014/'15";"Vakopleiding (niveau 3)";"aantal";"128707"
"The Netherlands";"Leerlingen/deelnemers/studenten";"2014/'15";"Middenkaderopleiding (niveau 4a)";"aantal";"242131"
"The Netherlands";"Leerlingen/deelnemers/studenten";"2014/'15";"Specialistenopleiding (niveau 4b)";"aantal";"199"
"The Netherlands";"Leerlingen/deelnemers/studenten";"2014/'15";"Hoger beroepsonderwijs";"aantal";"446434"
"The Netherlands";"Leerlingen/deelnemers/studenten";"2014/'15";"Wetenschappelijk onderwijs";"aantal";"255661"
"The Netherlands";"Leerlingen/deelnemers/studenten";"2015/'16";"Totaal voortgezet onderwijs";"aantal";"995336"
"The Netherlands";"Leerlingen/deelnemers/studenten";"2015/'16";"Vo algemene leerjaren 1-3";"aantal";"413563"
"The Netherlands";"Leerlingen/deelnemers/studenten";"2015/'16";"Vwo 3-6";"aantal";"166951"
"The Netherlands";"Leerlingen/deelnemers/studenten";"2015/'16";"Havo 3-5";"aantal";"163640"
"The Netherlands";"Leerlingen/deelnemers/studenten";"2015/'16";"Vmbo theoretische-gemengde leerweg 3-4";"aantal";"117095"
"The Netherlands";"Leerlingen/deelnemers/studenten";"2015/'16";"Vmbo basis-kaderberoeps 3-4";"aantal";"104315"
"The Netherlands";"Leerlingen/deelnemers/studenten";"2015/'16";"Praktijkonderwijs";"aantal";"29772"
"The Netherlands";"Leerlingen/deelnemers/studenten";"2015/'16";"Vavo";"aantal";"15522"
"The Netherlands";"Leerlingen/deelnemers/studenten";"2015/'16";"Totaal middelbaar beroepsonderwijs";"aantal";"476275"
"The Netherlands";"Leerlingen/deelnemers/studenten";"2015/'16";"Mbo bol";"aantal";"378491"
"The Netherlands";"Leerlingen/deelnemers/studenten";"2015/'16";"Mbo bbl";"aantal";"97784"
"The Netherlands";"Leerlingen/deelnemers/studenten";"2015/'16";"Assistentopleiding (niveau 1)";"aantal";"12186"
"The Netherlands";"Leerlingen/deelnemers/studenten";"2015/'16";"Basisberoepsopleiding (niveau 2)";"aantal";"89445"
"The Netherlands";"Leerlingen/deelnemers/studenten";"2015/'16";"Vakopleiding (niveau 3)";"aantal";"127956"
"The Netherlands";"Leerlingen/deelnemers/studenten";"2015/'16";"Middenkaderopleiding (niveau 4a)";"aantal";"246663"
"The Netherlands";"Leerlingen/deelnemers/studenten";"2015/'16";"Specialistenopleiding (niveau 4b)";"aantal";"25"
"The Netherlands";"Leerlingen/deelnemers/studenten";"2015/'16";"Hoger beroepsonderwijs";"aantal";"442594"
"The Netherlands";"Leerlingen/deelnemers/studenten";"2015/'16";"Wetenschappelijk onderwijs";"aantal";"261169"
"The Netherlands";"Leerlingen/deelnemers/studenten";"2016/'17";"Totaal voortgezet onderwijs";"aantal";"995477"
"The Netherlands";"Leerlingen/deelnemers/studenten";"2016/'17";"Vo algemene leerjaren 1-3";"aantal";"410500"
"The Netherlands";"Leerlingen/deelnemers/studenten";"2016/'17";"Vwo 3-6";"aantal";"171073"
"The Netherlands";"Leerlingen/deelnemers/studenten";"2016/'17";"Havo 3-5";"aantal";"164222"
"The Netherlands";"Leerlingen/deelnemers/studenten";"2016/'17";"Vmbo theoretische-gemengde leerweg 3-4";"aantal";"116397"
"The Netherlands";"Leerlingen/deelnemers/studenten";"2016/'17";"Vmbo basis-kaderberoeps 3-4";"aantal";"103508"
"The Netherlands";"Leerlingen/deelnemers/studenten";"2016/'17";"Praktijkonderwijs";"aantal";"29777"
"The Netherlands";"Leerlingen/deelnemers/studenten";"2016/'17";"Vavo";"aantal";"16250"
"The Netherlands";"Leerlingen/deelnemers/studenten";"2016/'17";"Totaal middelbaar beroepsonderwijs";"aantal";"483362"
"The Netherlands";"Leerlingen/deelnemers/studenten";"2016/'17";"Mbo bol";"aantal";"381611"
"The Netherlands";"Leerlingen/deelnemers/studenten";"2016/'17";"Mbo bbl";"aantal";"101751"
"The Netherlands";"Leerlingen/deelnemers/studenten";"2016/'17";"Assistentopleiding (niveau 1)";"aantal";"12058"
"The Netherlands";"Leerlingen/deelnemers/studenten";"2016/'17";"Basisberoepsopleiding (niveau 2)";"aantal";"84958"
"The Netherlands";"Leerlingen/deelnemers/studenten";"2016/'17";"Vakopleiding (niveau 3)";"aantal";"128274"
"The Netherlands";"Leerlingen/deelnemers/studenten";"2016/'17";"Middenkaderopleiding (niveau 4a)";"aantal";"258033"
"The Netherlands";"Leerlingen/deelnemers/studenten";"2016/'17";"Specialistenopleiding (niveau 4b)";"aantal";"39"
"The Netherlands";"Leerlingen/deelnemers/studenten";"2016/'17";"Hoger beroepsonderwijs";"aantal";"446645"
"The Netherlands";"Leerlingen/deelnemers/studenten";"2016/'17";"Wetenschappelijk onderwijs";"aantal";"268027"
"The Netherlands";"Leerlingen/deelnemers/studenten";"2017/'18";"Totaal voortgezet onderwijs";"aantal";"985252"
"The Netherlands";"Leerlingen/deelnemers/studenten";"2017/'18";"Vo algemene leerjaren 1-3";"aantal";"399480"
"The Netherlands";"Leerlingen/deelnemers/studenten";"2017/'18";"Vwo 3-6";"aantal";"173706"
"The Netherlands";"Leerlingen/deelnemers/studenten";"2017/'18";"Havo 3-5";"aantal";"167118"
"The Netherlands";"Leerlingen/deelnemers/studenten";"2017/'18";"Vmbo theoretische-gemengde leerweg 3-4";"aantal";"115171"
"The Netherlands";"Leerlingen/deelnemers/studenten";"2017/'18";"Vmbo basis-kaderberoeps 3-4";"aantal";"100224"
"The Netherlands";"Leerlingen/deelnemers/studenten";"2017/'18";"Praktijkonderwijs";"aantal";"29553"
"The Netherlands";"Leerlingen/deelnemers/studenten";"2017/'18";"Vavo";"aantal";"16674"
"The Netherlands";"Leerlingen/deelnemers/studenten";"2017/'18";"Totaal middelbaar beroepsonderwijs";"aantal";"487114"
"The Netherlands";"Leerlingen/deelnemers/studenten";"2017/'18";"Mbo bol";"aantal";"379220"
"The Netherlands";"Leerlingen/deelnemers/studenten";"2017/'18";"Mbo bbl";"aantal";"107894"
"The Netherlands";"Leerlingen/deelnemers/studenten";"2017/'18";"Assistentopleiding (niveau 1)";"aantal";"13531"
"The Netherlands";"Leerlingen/deelnemers/studenten";"2017/'18";"Basisberoepsopleiding (niveau 2)";"aantal";"82994"
"The Netherlands";"Leerlingen/deelnemers/studenten";"2017/'18";"Vakopleiding (niveau 3)";"aantal";"126751"
"The Netherlands";"Leerlingen/deelnemers/studenten";"2017/'18";"Middenkaderopleiding (niveau 4a)";"aantal";"263776"
"The Netherlands";"Leerlingen/deelnemers/studenten";"2017/'18";"Specialistenopleiding (niveau 4b)";"aantal";"62"
"The Netherlands";"Leerlingen/deelnemers/studenten";"2017/'18";"Hoger beroepsonderwijs";"aantal";"452690"
"The Netherlands";"Leerlingen/deelnemers/studenten";"2017/'18";"Wetenschappelijk onderwijs";"aantal";"280038"
"The Netherlands";"Leerlingen/deelnemers/studenten";"2018/'19";"Totaal voortgezet onderwijs";"aantal";"968243"
"The Netherlands";"Leerlingen/deelnemers/studenten";"2018/'19";"Vo algemene leerjaren 1-3";"aantal";"389034"
"The Netherlands";"Leerlingen/deelnemers/studenten";"2018/'19";"Vwo 3-6";"aantal";"173895"
"The Netherlands";"Leerlingen/deelnemers/studenten";"2018/'19";"Havo 3-5";"aantal";"166251"
"The Netherlands";"Leerlingen/deelnemers/studenten";"2018/'19";"Vmbo theoretische-gemengde leerweg 3-4";"aantal";"113839"
"The Netherlands";"Leerlingen/deelnemers/studenten";"2018/'19";"Vmbo basis-kaderberoeps 3-4";"aantal";"96004"
"The Netherlands";"Leerlingen/deelnemers/studenten";"2018/'19";"Praktijkonderwijs";"aantal";"29220"
"The Netherlands";"Leerlingen/deelnemers/studenten";"2018/'19";"Vavo";"aantal";"16200"
"The Netherlands";"Leerlingen/deelnemers/studenten";"2018/'19";"Totaal middelbaar beroepsonderwijs";"aantal";"497111"
"The Netherlands";"Leerlingen/deelnemers/studenten";"2018/'19";"Mbo bol";"aantal";"376193"
"The Netherlands";"Leerlingen/deelnemers/studenten";"2018/'19";"Mbo bbl";"aantal";"120918"
"The Netherlands";"Leerlingen/deelnemers/studenten";"2018/'19";"Assistentopleiding (niveau 1)";"aantal";"15491"
"The Netherlands";"Leerlingen/deelnemers/studenten";"2018/'19";"Basisberoepsopleiding (niveau 2)";"aantal";"83494"
"The Netherlands";"Leerlingen/deelnemers/studenten";"2018/'19";"Vakopleiding (niveau 3)";"aantal";"123094"
"The Netherlands";"Leerlingen/deelnemers/studenten";"2018/'19";"Middenkaderopleiding (niveau 4a)";"aantal";"274832"
"The Netherlands";"Leerlingen/deelnemers/studenten";"2018/'19";"Specialistenopleiding (niveau 4b)";"aantal";"200"
"The Netherlands";"Leerlingen/deelnemers/studenten";"2018/'19";"Hoger beroepsonderwijs";"aantal";"455670"
"The Netherlands";"Leerlingen/deelnemers/studenten";"2018/'19";"Wetenschappelijk onderwijs";"aantal";"294712"
"The Netherlands";"Leerlingen/deelnemers/studenten";"2019/'20";"Totaal voortgezet onderwijs";"aantal";"950461"
"The Netherlands";"Leerlingen/deelnemers/studenten";"2019/'20";"Vo algemene leerjaren 1-3";"aantal";"382438"
"The Netherlands";"Leerlingen/deelnemers/studenten";"2019/'20";"Vwo 3-6";"aantal";"172955"
"The Netherlands";"Leerlingen/deelnemers/studenten";"2019/'20";"Havo 3-5";"aantal";"164305"
"The Netherlands";"Leerlingen/deelnemers/studenten";"2019/'20";"Vmbo theoretische-gemengde leerweg 3-4";"aantal";"110334"
"The Netherlands";"Leerlingen/deelnemers/studenten";"2019/'20";"Vmbo basis-kaderberoeps 3-4";"aantal";"91175"
"The Netherlands";"Leerlingen/deelnemers/studenten";"2019/'20";"Praktijkonderwijs";"aantal";"29254"
"The Netherlands";"Leerlingen/deelnemers/studenten";"2019/'20";"Vavo";"aantal";"15558"
"The Netherlands";"Leerlingen/deelnemers/studenten";"2019/'20";"Totaal middelbaar beroepsonderwijs";"aantal";"503013"
"The Netherlands";"Leerlingen/deelnemers/studenten";"2019/'20";"Mbo bol";"aantal";"373157"
"The Netherlands";"Leerlingen/deelnemers/studenten";"2019/'20";"Mbo bbl";"aantal";"129856"
"The Netherlands";"Leerlingen/deelnemers/studenten";"2019/'20";"Assistentopleiding (niveau 1)";"aantal";"16198"
"The Netherlands";"Leerlingen/deelnemers/studenten";"2019/'20";"Basisberoepsopleiding (niveau 2)";"aantal";"82959"
"The Netherlands";"Leerlingen/deelnemers/studenten";"2019/'20";"Vakopleiding (niveau 3)";"aantal";"119715"
"The Netherlands";"Leerlingen/deelnemers/studenten";"2019/'20";"Middenkaderopleiding (niveau 4a)";"aantal";"283829"
"The Netherlands";"Leerlingen/deelnemers/studenten";"2019/'20";"Specialistenopleiding (niveau 4b)";"aantal";"312"
"The Netherlands";"Leerlingen/deelnemers/studenten";"2019/'20";"Hoger beroepsonderwijs";"aantal";"463330"
"The Netherlands";"Leerlingen/deelnemers/studenten";"2019/'20";"Wetenschappelijk onderwijs";"aantal";"306888"
"The Netherlands";"Leerlingen/deelnemers/studenten";"2020/'21*";"Totaal voortgezet onderwijs";"aantal";"934333"
"The Netherlands";"Leerlingen/deelnemers/studenten";"2020/'21*";"Vo algemene leerjaren 1-3";"aantal";"378302"
"The Netherlands";"Leerlingen/deelnemers/studenten";"2020/'21*";"Vwo 3-6";"aantal";"173410"
"The Netherlands";"Leerlingen/deelnemers/studenten";"2020/'21*";"Havo 3-5";"aantal";"162373"
"The Netherlands";"Leerlingen/deelnemers/studenten";"2020/'21*";"Vmbo theoretische-gemengde leerweg 3-4";"aantal";"104053"
"The Netherlands";"Leerlingen/deelnemers/studenten";"2020/'21*";"Vmbo basis-kaderberoeps 3-4";"aantal";"86435"
"The Netherlands";"Leerlingen/deelnemers/studenten";"2020/'21*";"Praktijkonderwijs";"aantal";"29760"
"The Netherlands";"Leerlingen/deelnemers/studenten";"2020/'21*";"Vavo";"aantal";"9900"
"The Netherlands";"Leerlingen/deelnemers/studenten";"2020/'21*";"Totaal middelbaar beroepsonderwijs";"aantal";"509797"
"The Netherlands";"Leerlingen/deelnemers/studenten";"2020/'21*";"Mbo bol";"aantal";"381292"
"The Netherlands";"Leerlingen/deelnemers/studenten";"2020/'21*";"Mbo bbl";"aantal";"128505"
"The Netherlands";"Leerlingen/deelnemers/studenten";"2020/'21*";"Assistentopleiding (niveau 1)";"aantal";"15200"
"The Netherlands";"Leerlingen/deelnemers/studenten";"2020/'21*";"Basisberoepsopleiding (niveau 2)";"aantal";"83946"
"The Netherlands";"Leerlingen/deelnemers/studenten";"2020/'21*";"Vakopleiding (niveau 3)";"aantal";"116563"
"The Netherlands";"Leerlingen/deelnemers/studenten";"2020/'21*";"Middenkaderopleiding (niveau 4a)";"aantal";"291765"
"The Netherlands";"Leerlingen/deelnemers/studenten";"2020/'21*";"Specialistenopleiding (niveau 4b)";"aantal";"2323"
"The Netherlands";"Leerlingen/deelnemers/studenten";"2020/'21*";"Hoger beroepsonderwijs";"aantal";"489383"
"The Netherlands";"Leerlingen/deelnemers/studenten";"2020/'21*";"Wetenschappelijk onderwijs";"aantal";"331505"
"Noord-Nederland (LD)";"Leerlingen/deelnemers/studenten";"2000/'01";"Totaal voortgezet onderwijs";"aantal";"."
"Noord-Nederland (LD)";"Leerlingen/deelnemers/studenten";"2000/'01";"Vo algemene leerjaren 1-3";"aantal";"."
"Noord-Nederland (LD)";"Leerlingen/deelnemers/studenten";"2000/'01";"Vwo 3-6";"aantal";"."
"Noord-Nederland (LD)";"Leerlingen/deelnemers/studenten";"2000/'01";"Havo 3-5";"aantal";"."
"Noord-Nederland (LD)";"Leerlingen/deelnemers/studenten";"2000/'01";"Vmbo theoretische-gemengde leerweg 3-4";"aantal";"."
"Noord-Nederland (LD)";"Leerlingen/deelnemers/studenten";"2000/'01";"Vmbo basis-kaderberoeps 3-4";"aantal";"."
"Noord-Nederland (LD)";"Leerlingen/deelnemers/studenten";"2000/'01";"Praktijkonderwijs";"aantal";"."
"Noord-Nederland (LD)";"Leerlingen/deelnemers/studenten";"2000/'01";"Vavo";"aantal";"."
"Noord-Nederland (LD)";"Leerlingen/deelnemers/studenten";"2000/'01";"Totaal middelbaar beroepsonderwijs";"aantal";"."
"Noord-Nederland (LD)";"Leerlingen/deelnemers/studenten";"2000/'01";"Mbo bol";"aantal";"."
"Noord-Nederland (LD)";"Leerlingen/deelnemers/studenten";"2000/'01";"Mbo bbl";"aantal";"."
"Noord-Nederland (LD)";"Leerlingen/deelnemers/studenten";"2000/'01";"Assistentopleiding (niveau 1)";"aantal";"."
"Noord-Nederland (LD)";"Leerlingen/deelnemers/studenten";"2000/'01";"Basisberoepsopleiding (niveau 2)";"aantal";"."
"Noord-Nederland (LD)";"Leerlingen/deelnemers/studenten";"2000/'01";"Vakopleiding (niveau 3)";"aantal";"."
"Noord-Nederland (LD)";"Leerlingen/deelnemers/studenten";"2000/'01";"Middenkaderopleiding (niveau 4a)";"aantal";"."
"Noord-Nederland (LD)";"Leerlingen/deelnemers/studenten";"2000/'01";"Specialistenopleiding (niveau 4b)";"aantal";"."
"Noord-Nederland (LD)";"Leerlingen/deelnemers/studenten";"2000/'01";"Hoger beroepsonderwijs";"aantal";"34516"
"Noord-Nederland (LD)";"Leerlingen/deelnemers/studenten";"2000/'01";"Wetenschappelijk onderwijs";"aantal";"18132"
"Noord-Nederland (LD)";"Leerlingen/deelnemers/studenten";"2001/'02";"Totaal voortgezet onderwijs";"aantal";"."
"Noord-Nederland (LD)";"Leerlingen/deelnemers/studenten";"2001/'02";"Vo algemene leerjaren 1-3";"aantal";"."
"Noord-Nederland (LD)";"Leerlingen/deelnemers/studenten";"2001/'02";"Vwo 3-6";"aantal";"."
"Noord-Nederland (LD)";"Leerlingen/deelnemers/studenten";"2001/'02";"Havo 3-5";"aantal";"."
"Noord-Nederland (LD)";"Leerlingen/deelnemers/studenten";"2001/'02";"Vmbo theoretische-gemengde leerweg 3-4";"aantal";"."
"Noord-Nederland (LD)";"Leerlingen/deelnemers/studenten";"2001/'02";"Vmbo basis-kaderberoeps 3-4";"aantal";"."
"Noord-Nederland (LD)";"Leerlingen/deelnemers/studenten";"2001/'02";"Praktijkonderwijs";"aantal";"."
"Noord-Nederland (LD)";"Leerlingen/deelnemers/studenten";"2001/'02";"Vavo";"aantal";"."
"Noord-Nederland (LD)";"Leerlingen/deelnemers/studenten";"2001/'02";"Totaal middelbaar beroepsonderwijs";"aantal";"."
"Noord-Nederland (LD)";"Leerlingen/deelnemers/studenten";"2001/'02";"Mbo bol";"aantal";"."
"Noord-Nederland (LD)";"Leerlingen/deelnemers/studenten";"2001/'02";"Mbo bbl";"aantal";"."
"Noord-Nederland (LD)";"Leerlingen/deelnemers/studenten";"2001/'02";"Assistentopleiding (niveau 1)";"aantal";"."
"Noord-Nederland (LD)";"Leerlingen/deelnemers/studenten";"2001/'02";"Basisberoepsopleiding (niveau 2)";"aantal";"."
"Noord-Nederland (LD)";"Leerlingen/deelnemers/studenten";"2001/'02";"Vakopleiding (niveau 3)";"aantal";"."
"Noord-Nederland (LD)";"Leerlingen/deelnemers/studenten";"2001/'02";"Middenkaderopleiding (niveau 4a)";"aantal";"."
"Noord-Nederland (LD)";"Leerlingen/deelnemers/studenten";"2001/'02";"Specialistenopleiding (niveau 4b)";"aantal";"."
"Noord-Nederland (LD)";"Leerlingen/deelnemers/studenten";"2001/'02";"Hoger beroepsonderwijs";"aantal";"35662"
"Noord-Nederland (LD)";"Leerlingen/deelnemers/studenten";"2001/'02";"Wetenschappelijk onderwijs";"aantal";"18906"
"Noord-Nederland (LD)";"Leerlingen/deelnemers/studenten";"2002/'03";"Totaal voortgezet onderwijs";"aantal";"."
"Noord-Nederland (LD)";"Leerlingen/deelnemers/studenten";"2002/'03";"Vo algemene leerjaren 1-3";"aantal";"."
"Noord-Nederland (LD)";"Leerlingen/deelnemers/studenten";"2002/'03";"Vwo 3-6";"aantal";"."
"Noord-Nederland (LD)";"Leerlingen/deelnemers/studenten";"2002/'03";"Havo 3-5";"aantal";"."
"Noord-Nederland (LD)";"Leerlingen/deelnemers/studenten";"2002/'03";"Vmbo theoretische-gemengde leerweg 3-4";"aantal";"."
"Noord-Nederland (LD)";"Leerlingen/deelnemers/studenten";"2002/'03";"Vmbo basis-kaderberoeps 3-4";"aantal";"."
"Noord-Nederland (LD)";"Leerlingen/deelnemers/studenten";"2002/'03";"Praktijkonderwijs";"aantal";"."
"Noord-Nederland (LD)";"Leerlingen/deelnemers/studenten";"2002/'03";"Vavo";"aantal";"."
"Noord-Nederland (LD)";"Leerlingen/deelnemers/studenten";"2002/'03";"Totaal middelbaar beroepsonderwijs";"aantal";"."
"Noord-Nederland (LD)";"Leerlingen/deelnemers/studenten";"2002/'03";"Mbo bol";"aantal";"."
"Noord-Nederland (LD)";"Leerlingen/deelnemers/studenten";"2002/'03";"Mbo bbl";"aantal";"."
"Noord-Nederland (LD)";"Leerlingen/deelnemers/studenten";"2002/'03";"Assistentopleiding (niveau 1)";"aantal";"."
"Noord-Nederland (LD)";"Leerlingen/deelnemers/studenten";"2002/'03";"Basisberoepsopleiding (niveau 2)";"aantal";"."
"Noord-Nederland (LD)";"Leerlingen/deelnemers/studenten";"2002/'03";"Vakopleiding (niveau 3)";"aantal";"."
"Noord-Nederland (LD)";"Leerlingen/deelnemers/studenten";"2002/'03";"Middenkaderopleiding (niveau 4a)";"aantal";"."
"Noord-Nederland (LD)";"Leerlingen/deelnemers/studenten";"2002/'03";"Specialistenopleiding (niveau 4b)";"aantal";"."
"Noord-Nederland (LD)";"Leerlingen/deelnemers/studenten";"2002/'03";"Hoger beroepsonderwijs";"aantal";"35996"
"Noord-Nederland (LD)";"Leerlingen/deelnemers/studenten";"2002/'03";"Wetenschappelijk onderwijs";"aantal";"19403"
"Noord-Nederland (LD)";"Leerlingen/deelnemers/studenten";"2003/'04";"Totaal voortgezet onderwijs";"aantal";"86723"
"Noord-Nederland (LD)";"Leerlingen/deelnemers/studenten";"2003/'04";"Vo algemene leerjaren 1-3";"aantal";"37891"
"Noord-Nederland (LD)";"Leerlingen/deelnemers/studenten";"2003/'04";"Vwo 3-6";"aantal";"12659"
"Noord-Nederland (LD)";"Leerlingen/deelnemers/studenten";"2003/'04";"Havo 3-5";"aantal";"13297"
"Noord-Nederland (LD)";"Leerlingen/deelnemers/studenten";"2003/'04";"Vmbo theoretische-gemengde leerweg 3-4";"aantal";"10321"
"Noord-Nederland (LD)";"Leerlingen/deelnemers/studenten";"2003/'04";"Vmbo basis-kaderberoeps 3-4";"aantal";"12555"
"Noord-Nederland (LD)";"Leerlingen/deelnemers/studenten";"2003/'04";"Praktijkonderwijs";"aantal";"."
"Noord-Nederland (LD)";"Leerlingen/deelnemers/studenten";"2003/'04";"Vavo";"aantal";"."
"Noord-Nederland (LD)";"Leerlingen/deelnemers/studenten";"2003/'04";"Totaal middelbaar beroepsonderwijs";"aantal";"."
"Noord-Nederland (LD)";"Leerlingen/deelnemers/studenten";"2003/'04";"Mbo bol";"aantal";"."
"Noord-Nederland (LD)";"Leerlingen/deelnemers/studenten";"2003/'04";"Mbo bbl";"aantal";"."
"Noord-Nederland (LD)";"Leerlingen/deelnemers/studenten";"2003/'04";"Assistentopleiding (niveau 1)";"aantal";"."
"Noord-Nederland (LD)";"Leerlingen/deelnemers/studenten";"2003/'04";"Basisberoepsopleiding (niveau 2)";"aantal";"."
"Noord-Nederland (LD)";"Leerlingen/deelnemers/studenten";"2003/'04";"Vakopleiding (niveau 3)";"aantal";"."
"Noord-Nederland (LD)";"Leerlingen/deelnemers/studenten";"2003/'04";"Middenkaderopleiding (niveau 4a)";"aantal";"."
"Noord-Nederland (LD)";"Leerlingen/deelnemers/studenten";"2003/'04";"Specialistenopleiding (niveau 4b)";"aantal";"."
"Noord-Nederland (LD)";"Leerlingen/deelnemers/studenten";"2003/'04";"Hoger beroepsonderwijs";"aantal";"38108"
"Noord-Nederland (LD)";"Leerlingen/deelnemers/studenten";"2003/'04";"Wetenschappelijk onderwijs";"aantal";"20515"
"Noord-Nederland (LD)";"Leerlingen/deelnemers/studenten";"2004/'05";"Totaal voortgezet onderwijs";"aantal";"87208"
"Noord-Nederland (LD)";"Leerlingen/deelnemers/studenten";"2004/'05";"Vo algemene leerjaren 1-3";"aantal";"37925"
"Noord-Nederland (LD)";"Leerlingen/deelnemers/studenten";"2004/'05";"Vwo 3-6";"aantal";"13153"
"Noord-Nederland (LD)";"Leerlingen/deelnemers/studenten";"2004/'05";"Havo 3-5";"aantal";"13703"
"Noord-Nederland (LD)";"Leerlingen/deelnemers/studenten";"2004/'05";"Vmbo theoretische-gemengde leerweg 3-4";"aantal";"10345"
"Noord-Nederland (LD)";"Leerlingen/deelnemers/studenten";"2004/'05";"Vmbo basis-kaderberoeps 3-4";"aantal";"12082"
"Noord-Nederland (LD)";"Leerlingen/deelnemers/studenten";"2004/'05";"Praktijkonderwijs";"aantal";"."
"Noord-Nederland (LD)";"Leerlingen/deelnemers/studenten";"2004/'05";"Vavo";"aantal";"."
"Noord-Nederland (LD)";"Leerlingen/deelnemers/studenten";"2004/'05";"Totaal middelbaar beroepsonderwijs";"aantal";"."
"Noord-Nederland (LD)";"Leerlingen/deelnemers/studenten";"2004/'05";"Mbo bol";"aantal";"."
"Noord-Nederland (LD)";"Leerlingen/deelnemers/studenten";"2004/'05";"Mbo bbl";"aantal";"."
"Noord-Nederland (LD)";"Leerlingen/deelnemers/studenten";"2004/'05";"Assistentopleiding (niveau 1)";"aantal";"."
"Noord-Nederland (LD)";"Leerlingen/deelnemers/studenten";"2004/'05";"Basisberoepsopleiding (niveau 2)";"aantal";"."
"Noord-Nederland (LD)";"Leerlingen/deelnemers/studenten";"2004/'05";"Vakopleiding (niveau 3)";"aantal";"."
"Noord-Nederland (LD)";"Leerlingen/deelnemers/studenten";"2004/'05";"Middenkaderopleiding (niveau 4a)";"aantal";"."
"Noord-Nederland (LD)";"Leerlingen/deelnemers/studenten";"2004/'05";"Specialistenopleiding (niveau 4b)";"aantal";"."
"Noord-Nederland (LD)";"Leerlingen/deelnemers/studenten";"2004/'05";"Hoger beroepsonderwijs";"aantal";"39477"
"Noord-Nederland (LD)";"Leerlingen/deelnemers/studenten";"2004/'05";"Wetenschappelijk onderwijs";"aantal";"21248"
"Noord-Nederland (LD)";"Leerlingen/deelnemers/studenten";"2005/'06";"Totaal voortgezet onderwijs";"aantal";"92302"
"Noord-Nederland (LD)";"Leerlingen/deelnemers/studenten";"2005/'06";"Vo algemene leerjaren 1-3";"aantal";"39830"
"Noord-Nederland (LD)";"Leerlingen/deelnemers/studenten";"2005/'06";"Vwo 3-6";"aantal";"13646"
"Noord-Nederland (LD)";"Leerlingen/deelnemers/studenten";"2005/'06";"Havo 3-5";"aantal";"14019"
"Noord-Nederland (LD)";"Leerlingen/deelnemers/studenten";"2005/'06";"Vmbo theoretische-gemengde leerweg 3-4";"aantal";"10851"
"Noord-Nederland (LD)";"Leerlingen/deelnemers/studenten";"2005/'06";"Vmbo basis-kaderberoeps 3-4";"aantal";"13956"
"Noord-Nederland (LD)";"Leerlingen/deelnemers/studenten";"2005/'06";"Praktijkonderwijs";"aantal";"."
"Noord-Nederland (LD)";"Leerlingen/deelnemers/studenten";"2005/'06";"Vavo";"aantal";"."
"Noord-Nederland (LD)";"Leerlingen/deelnemers/studenten";"2005/'06";"Totaal middelbaar beroepsonderwijs";"aantal";"58414"
"Noord-Nederland (LD)";"Leerlingen/deelnemers/studenten";"2005/'06";"Mbo bol";"aantal";"45071"
"Noord-Nederland (LD)";"Leerlingen/deelnemers/studenten";"2005/'06";"Mbo bbl";"aantal";"13343"
"Noord-Nederland (LD)";"Leerlingen/deelnemers/studenten";"2005/'06";"Assistentopleiding (niveau 1)";"aantal";"2608"
"Noord-Nederland (LD)";"Leerlingen/deelnemers/studenten";"2005/'06";"Basisberoepsopleiding (niveau 2)";"aantal";"14388"
"Noord-Nederland (LD)";"Leerlingen/deelnemers/studenten";"2005/'06";"Vakopleiding (niveau 3)";"aantal";"14873"
"Noord-Nederland (LD)";"Leerlingen/deelnemers/studenten";"2005/'06";"Middenkaderopleiding (niveau 4a)";"aantal";"25539"
"Noord-Nederland (LD)";"Leerlingen/deelnemers/studenten";"2005/'06";"Specialistenopleiding (niveau 4b)";"aantal";"1006"
"Noord-Nederland (LD)";"Leerlingen/deelnemers/studenten";"2005/'06";"Hoger beroepsonderwijs";"aantal";"40972"
"Noord-Nederland (LD)";"Leerlingen/deelnemers/studenten";"2005/'06";"Wetenschappelijk onderwijs";"aantal";"21733"
"Noord-Nederland (LD)";"Leerlingen/deelnemers/studenten";"2006/'07";"Totaal voortgezet onderwijs";"aantal";"92932"
"Noord-Nederland (LD)";"Leerlingen/deelnemers/studenten";"2006/'07";"Vo algemene leerjaren 1-3";"aantal";"39489"
"Noord-Nederland (LD)";"Leerlingen/deelnemers/studenten";"2006/'07";"Vwo 3-6";"aantal";"14314"
"Noord-Nederland (LD)";"Leerlingen/deelnemers/studenten";"2006/'07";"Havo 3-5";"aantal";"14608"
"Noord-Nederland (LD)";"Leerlingen/deelnemers/studenten";"2006/'07";"Vmbo theoretische-gemengde leerweg 3-4";"aantal";"11012"
"Noord-Nederland (LD)";"Leerlingen/deelnemers/studenten";"2006/'07";"Vmbo basis-kaderberoeps 3-4";"aantal";"13509"
"Noord-Nederland (LD)";"Leerlingen/deelnemers/studenten";"2006/'07";"Praktijkonderwijs";"aantal";"."
"Noord-Nederland (LD)";"Leerlingen/deelnemers/studenten";"2006/'07";"Vavo";"aantal";"689"
"Noord-Nederland (LD)";"Leerlingen/deelnemers/studenten";"2006/'07";"Totaal middelbaar beroepsonderwijs";"aantal";"59537"
"Noord-Nederland (LD)";"Leerlingen/deelnemers/studenten";"2006/'07";"Mbo bol";"aantal";"45513"
"Noord-Nederland (LD)";"Leerlingen/deelnemers/studenten";"2006/'07";"Mbo bbl";"aantal";"14024"
"Noord-Nederland (LD)";"Leerlingen/deelnemers/studenten";"2006/'07";"Assistentopleiding (niveau 1)";"aantal";"2223"
"Noord-Nederland (LD)";"Leerlingen/deelnemers/studenten";"2006/'07";"Basisberoepsopleiding (niveau 2)";"aantal";"14856"
"Noord-Nederland (LD)";"Leerlingen/deelnemers/studenten";"2006/'07";"Vakopleiding (niveau 3)";"aantal";"15233"
"Noord-Nederland (LD)";"Leerlingen/deelnemers/studenten";"2006/'07";"Middenkaderopleiding (niveau 4a)";"aantal";"26343"
"Noord-Nederland (LD)";"Leerlingen/deelnemers/studenten";"2006/'07";"Specialistenopleiding (niveau 4b)";"aantal";"882"
"Noord-Nederland (LD)";"Leerlingen/deelnemers/studenten";"2006/'07";"Hoger beroepsonderwijs";"aantal";"42136"
"Noord-Nederland (LD)";"Leerlingen/deelnemers/studenten";"2006/'07";"Wetenschappelijk onderwijs";"aantal";"22142"
"Noord-Nederland (LD)";"Leerlingen/deelnemers/studenten";"2007/'08";"Totaal voortgezet onderwijs";"aantal";"96590"
"Noord-Nederland (LD)";"Leerlingen/deelnemers/studenten";"2007/'08";"Vo algemene leerjaren 1-3";"aantal";"39485"
"Noord-Nederland (LD)";"Leerlingen/deelnemers/studenten";"2007/'08";"Vwo 3-6";"aantal";"14770"
"Noord-Nederland (LD)";"Leerlingen/deelnemers/studenten";"2007/'08";"Havo 3-5";"aantal";"14918"
"Noord-Nederland (LD)";"Leerlingen/deelnemers/studenten";"2007/'08";"Vmbo theoretische-gemengde leerweg 3-4";"aantal";"11132"
"Noord-Nederland (LD)";"Leerlingen/deelnemers/studenten";"2007/'08";"Vmbo basis-kaderberoeps 3-4";"aantal";"12724"
"Noord-Nederland (LD)";"Leerlingen/deelnemers/studenten";"2007/'08";"Praktijkonderwijs";"aantal";"3561"
"Noord-Nederland (LD)";"Leerlingen/deelnemers/studenten";"2007/'08";"Vavo";"aantal";"846"
"Noord-Nederland (LD)";"Leerlingen/deelnemers/studenten";"2007/'08";"Totaal middelbaar beroepsonderwijs";"aantal";"60020"
"Noord-Nederland (LD)";"Leerlingen/deelnemers/studenten";"2007/'08";"Mbo bol";"aantal";"43977"
"Noord-Nederland (LD)";"Leerlingen/deelnemers/studenten";"2007/'08";"Mbo bbl";"aantal";"16043"
"Noord-Nederland (LD)";"Leerlingen/deelnemers/studenten";"2007/'08";"Assistentopleiding (niveau 1)";"aantal";"2242"
"Noord-Nederland (LD)";"Leerlingen/deelnemers/studenten";"2007/'08";"Basisberoepsopleiding (niveau 2)";"aantal";"15218"
"Noord-Nederland (LD)";"Leerlingen/deelnemers/studenten";"2007/'08";"Vakopleiding (niveau 3)";"aantal";"15181"
"Noord-Nederland (LD)";"Leerlingen/deelnemers/studenten";"2007/'08";"Middenkaderopleiding (niveau 4a)";"aantal";"26579"
"Noord-Nederland (LD)";"Leerlingen/deelnemers/studenten";"2007/'08";"Specialistenopleiding (niveau 4b)";"aantal";"800"
"Noord-Nederland (LD)";"Leerlingen/deelnemers/studenten";"2007/'08";"Hoger beroepsonderwijs";"aantal";"42930"
"Noord-Nederland (LD)";"Leerlingen/deelnemers/studenten";"2007/'08";"Wetenschappelijk onderwijs";"aantal";"22420"
"Noord-Nederland (LD)";"Leerlingen/deelnemers/studenten";"2008/'09";"Totaal voortgezet onderwijs";"aantal";"96316"
"Noord-Nederland (LD)";"Leerlingen/deelnemers/studenten";"2008/'09";"Vo algemene leerjaren 1-3";"aantal";"39290"
"Noord-Nederland (LD)";"Leerlingen/deelnemers/studenten";"2008/'09";"Vwo 3-6";"aantal";"14989"
"Noord-Nederland (LD)";"Leerlingen/deelnemers/studenten";"2008/'09";"Havo 3-5";"aantal";"15008"
"Noord-Nederland (LD)";"Leerlingen/deelnemers/studenten";"2008/'09";"Vmbo theoretische-gemengde leerweg 3-4";"aantal";"11258"
"Noord-Nederland (LD)";"Leerlingen/deelnemers/studenten";"2008/'09";"Vmbo basis-kaderberoeps 3-4";"aantal";"12306"
"Noord-Nederland (LD)";"Leerlingen/deelnemers/studenten";"2008/'09";"Praktijkonderwijs";"aantal";"3465"
"Noord-Nederland (LD)";"Leerlingen/deelnemers/studenten";"2008/'09";"Vavo";"aantal";"1113"
"Noord-Nederland (LD)";"Leerlingen/deelnemers/studenten";"2008/'09";"Totaal middelbaar beroepsonderwijs";"aantal";"60351"
"Noord-Nederland (LD)";"Leerlingen/deelnemers/studenten";"2008/'09";"Mbo bol";"aantal";"42701"
"Noord-Nederland (LD)";"Leerlingen/deelnemers/studenten";"2008/'09";"Mbo bbl";"aantal";"17650"
"Noord-Nederland (LD)";"Leerlingen/deelnemers/studenten";"2008/'09";"Assistentopleiding (niveau 1)";"aantal";"2380"
"Noord-Nederland (LD)";"Leerlingen/deelnemers/studenten";"2008/'09";"Basisberoepsopleiding (niveau 2)";"aantal";"15433"
"Noord-Nederland (LD)";"Leerlingen/deelnemers/studenten";"2008/'09";"Vakopleiding (niveau 3)";"aantal";"16069"
"Noord-Nederland (LD)";"Leerlingen/deelnemers/studenten";"2008/'09";"Middenkaderopleiding (niveau 4a)";"aantal";"25737"
"Noord-Nederland (LD)";"Leerlingen/deelnemers/studenten";"2008/'09";"Specialistenopleiding (niveau 4b)";"aantal";"732"
"Noord-Nederland (LD)";"Leerlingen/deelnemers/studenten";"2008/'09";"Hoger beroepsonderwijs";"aantal";"44502"
"Noord-Nederland (LD)";"Leerlingen/deelnemers/studenten";"2008/'09";"Wetenschappelijk onderwijs";"aantal";"23467"
"Noord-Nederland (LD)";"Leerlingen/deelnemers/studenten";"2009/'10";"Totaal voortgezet onderwijs";"aantal";"96976"
"Noord-Nederland (LD)";"Leerlingen/deelnemers/studenten";"2009/'10";"Vo algemene leerjaren 1-3";"aantal";"39833"
"Noord-Nederland (LD)";"Leerlingen/deelnemers/studenten";"2009/'10";"Vwo 3-6";"aantal";"14778"
"Noord-Nederland (LD)";"Leerlingen/deelnemers/studenten";"2009/'10";"Havo 3-5";"aantal";"15509"
"Noord-Nederland (LD)";"Leerlingen/deelnemers/studenten";"2009/'10";"Vmbo theoretische-gemengde leerweg 3-4";"aantal";"11272"
"Noord-Nederland (LD)";"Leerlingen/deelnemers/studenten";"2009/'10";"Vmbo basis-kaderberoeps 3-4";"aantal";"12120"
"Noord-Nederland (LD)";"Leerlingen/deelnemers/studenten";"2009/'10";"Praktijkonderwijs";"aantal";"3464"
"Noord-Nederland (LD)";"Leerlingen/deelnemers/studenten";"2009/'10";"Vavo";"aantal";"1279"
"Noord-Nederland (LD)";"Leerlingen/deelnemers/studenten";"2009/'10";"Totaal middelbaar beroepsonderwijs";"aantal";"60849"
"Noord-Nederland (LD)";"Leerlingen/deelnemers/studenten";"2009/'10";"Mbo bol";"aantal";"44084"
"Noord-Nederland (LD)";"Leerlingen/deelnemers/studenten";"2009/'10";"Mbo bbl";"aantal";"16765"
"Noord-Nederland (LD)";"Leerlingen/deelnemers/studenten";"2009/'10";"Assistentopleiding (niveau 1)";"aantal";"2368"
"Noord-Nederland (LD)";"Leerlingen/deelnemers/studenten";"2009/'10";"Basisberoepsopleiding (niveau 2)";"aantal";"15034"
"Noord-Nederland (LD)";"Leerlingen/deelnemers/studenten";"2009/'10";"Vakopleiding (niveau 3)";"aantal";"16707"
"Noord-Nederland (LD)";"Leerlingen/deelnemers/studenten";"2009/'10";"Middenkaderopleiding (niveau 4a)";"aantal";"26170"
"Noord-Nederland (LD)";"Leerlingen/deelnemers/studenten";"2009/'10";"Specialistenopleiding (niveau 4b)";"aantal";"570"
"Noord-Nederland (LD)";"Leerlingen/deelnemers/studenten";"2009/'10";"Hoger beroepsonderwijs";"aantal";"46342"
"Noord-Nederland (LD)";"Leerlingen/deelnemers/studenten";"2009/'10";"Wetenschappelijk onderwijs";"aantal";"24882"
"Noord-Nederland (LD)";"Leerlingen/deelnemers/studenten";"2010/'11";"Totaal voortgezet onderwijs";"aantal";"97308"
"Noord-Nederland (LD)";"Leerlingen/deelnemers/studenten";"2010/'11";"Vo algemene leerjaren 1-3";"aantal";"40182"
"Noord-Nederland (LD)";"Leerlingen/deelnemers/studenten";"2010/'11";"Vwo 3-6";"aantal";"14845"
"Noord-Nederland (LD)";"Leerlingen/deelnemers/studenten";"2010/'11";"Havo 3-5";"aantal";"15736"
"Noord-Nederland (LD)";"Leerlingen/deelnemers/studenten";"2010/'11";"Vmbo theoretische-gemengde leerweg 3-4";"aantal";"11356"
"Noord-Nederland (LD)";"Leerlingen/deelnemers/studenten";"2010/'11";"Vmbo basis-kaderberoeps 3-4";"aantal";"11751"
"Noord-Nederland (LD)";"Leerlingen/deelnemers/studenten";"2010/'11";"Praktijkonderwijs";"aantal";"3438"
"Noord-Nederland (LD)";"Leerlingen/deelnemers/studenten";"2010/'11";"Vavo";"aantal";"1179"
"Noord-Nederland (LD)";"Leerlingen/deelnemers/studenten";"2010/'11";"Totaal middelbaar beroepsonderwijs";"aantal";"61957"
"Noord-Nederland (LD)";"Leerlingen/deelnemers/studenten";"2010/'11";"Mbo bol";"aantal";"45151"
"Noord-Nederland (LD)";"Leerlingen/deelnemers/studenten";"2010/'11";"Mbo bbl";"aantal";"16806"
"Noord-Nederland (LD)";"Leerlingen/deelnemers/studenten";"2010/'11";"Assistentopleiding (niveau 1)";"aantal";"2942"
"Noord-Nederland (LD)";"Leerlingen/deelnemers/studenten";"2010/'11";"Basisberoepsopleiding (niveau 2)";"aantal";"15023"
"Noord-Nederland (LD)";"Leerlingen/deelnemers/studenten";"2010/'11";"Vakopleiding (niveau 3)";"aantal";"16744"
"Noord-Nederland (LD)";"Leerlingen/deelnemers/studenten";"2010/'11";"Middenkaderopleiding (niveau 4a)";"aantal";"26819"
"Noord-Nederland (LD)";"Leerlingen/deelnemers/studenten";"2010/'11";"Specialistenopleiding (niveau 4b)";"aantal";"429"
"Noord-Nederland (LD)";"Leerlingen/deelnemers/studenten";"2010/'11";"Hoger beroepsonderwijs";"aantal";"47540"
"Noord-Nederland (LD)";"Leerlingen/deelnemers/studenten";"2010/'11";"Wetenschappelijk onderwijs";"aantal";"25570"
"Noord-Nederland (LD)";"Leerlingen/deelnemers/studenten";"2011/'12";"Totaal voortgezet onderwijs";"aantal";"98360"
"Noord-Nederland (LD)";"Leerlingen/deelnemers/studenten";"2011/'12";"Vo algemene leerjaren 1-3";"aantal";"41407"
"Noord-Nederland (LD)";"Leerlingen/deelnemers/studenten";"2011/'12";"Vwo 3-6";"aantal";"14513"
"Noord-Nederland (LD)";"Leerlingen/deelnemers/studenten";"2011/'12";"Havo 3-5";"aantal";"15599"
"Noord-Nederland (LD)";"Leerlingen/deelnemers/studenten";"2011/'12";"Vmbo theoretische-gemengde leerweg 3-4";"aantal";"11710"
"Noord-Nederland (LD)";"Leerlingen/deelnemers/studenten";"2011/'12";"Vmbo basis-kaderberoeps 3-4";"aantal";"11709"
"Noord-Nederland (LD)";"Leerlingen/deelnemers/studenten";"2011/'12";"Praktijkonderwijs";"aantal";"3422"
"Noord-Nederland (LD)";"Leerlingen/deelnemers/studenten";"2011/'12";"Vavo";"aantal";"1123"
"Noord-Nederland (LD)";"Leerlingen/deelnemers/studenten";"2011/'12";"Totaal middelbaar beroepsonderwijs";"aantal";"60372"
"Noord-Nederland (LD)";"Leerlingen/deelnemers/studenten";"2011/'12";"Mbo bol";"aantal";"45037"
"Noord-Nederland (LD)";"Leerlingen/deelnemers/studenten";"2011/'12";"Mbo bbl";"aantal";"15335"
"Noord-Nederland (LD)";"Leerlingen/deelnemers/studenten";"2011/'12";"Assistentopleiding (niveau 1)";"aantal";"2323"
"Noord-Nederland (LD)";"Leerlingen/deelnemers/studenten";"2011/'12";"Basisberoepsopleiding (niveau 2)";"aantal";"14502"
"Noord-Nederland (LD)";"Leerlingen/deelnemers/studenten";"2011/'12";"Vakopleiding (niveau 3)";"aantal";"15987"
"Noord-Nederland (LD)";"Leerlingen/deelnemers/studenten";"2011/'12";"Middenkaderopleiding (niveau 4a)";"aantal";"27315"
"Noord-Nederland (LD)";"Leerlingen/deelnemers/studenten";"2011/'12";"Specialistenopleiding (niveau 4b)";"aantal";"245"
"Noord-Nederland (LD)";"Leerlingen/deelnemers/studenten";"2011/'12";"Hoger beroepsonderwijs";"aantal";"47866"
"Noord-Nederland (LD)";"Leerlingen/deelnemers/studenten";"2011/'12";"Wetenschappelijk onderwijs";"aantal";"25862"
"Noord-Nederland (LD)";"Leerlingen/deelnemers/studenten";"2012/'13";"Totaal voortgezet onderwijs";"aantal";"99451"
"Noord-Nederland (LD)";"Leerlingen/deelnemers/studenten";"2012/'13";"Vo algemene leerjaren 1-3";"aantal";"42545"
"Noord-Nederland (LD)";"Leerlingen/deelnemers/studenten";"2012/'13";"Vwo 3-6";"aantal";"14035"
"Noord-Nederland (LD)";"Leerlingen/deelnemers/studenten";"2012/'13";"Havo 3-5";"aantal";"15333"
"Noord-Nederland (LD)";"Leerlingen/deelnemers/studenten";"2012/'13";"Vmbo theoretische-gemengde leerweg 3-4";"aantal";"12064"
"Noord-Nederland (LD)";"Leerlingen/deelnemers/studenten";"2012/'13";"Vmbo basis-kaderberoeps 3-4";"aantal";"11864"
"Noord-Nederland (LD)";"Leerlingen/deelnemers/studenten";"2012/'13";"Praktijkonderwijs";"aantal";"3610"
"Noord-Nederland (LD)";"Leerlingen/deelnemers/studenten";"2012/'13";"Vavo";"aantal";"1145"
"Noord-Nederland (LD)";"Leerlingen/deelnemers/studenten";"2012/'13";"Totaal middelbaar beroepsonderwijs";"aantal";"60324"
"Noord-Nederland (LD)";"Leerlingen/deelnemers/studenten";"2012/'13";"Mbo bol";"aantal";"45409"
"Noord-Nederland (LD)";"Leerlingen/deelnemers/studenten";"2012/'13";"Mbo bbl";"aantal";"14915"
"Noord-Nederland (LD)";"Leerlingen/deelnemers/studenten";"2012/'13";"Assistentopleiding (niveau 1)";"aantal";"2244"
"Noord-Nederland (LD)";"Leerlingen/deelnemers/studenten";"2012/'13";"Basisberoepsopleiding (niveau 2)";"aantal";"14266"
"Noord-Nederland (LD)";"Leerlingen/deelnemers/studenten";"2012/'13";"Vakopleiding (niveau 3)";"aantal";"15727"
"Noord-Nederland (LD)";"Leerlingen/deelnemers/studenten";"2012/'13";"Middenkaderopleiding (niveau 4a)";"aantal";"27961"
"Noord-Nederland (LD)";"Leerlingen/deelnemers/studenten";"2012/'13";"Specialistenopleiding (niveau 4b)";"aantal";"126"
"Noord-Nederland (LD)";"Leerlingen/deelnemers/studenten";"2012/'13";"Hoger beroepsonderwijs";"aantal";"47798"
"Noord-Nederland (LD)";"Leerlingen/deelnemers/studenten";"2012/'13";"Wetenschappelijk onderwijs";"aantal";"25578"
"Noord-Nederland (LD)";"Leerlingen/deelnemers/studenten";"2013/'14";"Totaal voortgezet onderwijs";"aantal";"100767"
"Noord-Nederland (LD)";"Leerlingen/deelnemers/studenten";"2013/'14";"Vo algemene leerjaren 1-3";"aantal";"42995"
"Noord-Nederland (LD)";"Leerlingen/deelnemers/studenten";"2013/'14";"Vwo 3-6";"aantal";"13823"
"Noord-Nederland (LD)";"Leerlingen/deelnemers/studenten";"2013/'14";"Havo 3-5";"aantal";"15473"
"Noord-Nederland (LD)";"Leerlingen/deelnemers/studenten";"2013/'14";"Vmbo theoretische-gemengde leerweg 3-4";"aantal";"12626"
"Noord-Nederland (LD)";"Leerlingen/deelnemers/studenten";"2013/'14";"Vmbo basis-kaderberoeps 3-4";"aantal";"12156"
"Noord-Nederland (LD)";"Leerlingen/deelnemers/studenten";"2013/'14";"Praktijkonderwijs";"aantal";"3694"
"Noord-Nederland (LD)";"Leerlingen/deelnemers/studenten";"2013/'14";"Vavo";"aantal";"979"
"Noord-Nederland (LD)";"Leerlingen/deelnemers/studenten";"2013/'14";"Totaal middelbaar beroepsonderwijs";"aantal";"59517"
"Noord-Nederland (LD)";"Leerlingen/deelnemers/studenten";"2013/'14";"Mbo bol";"aantal";"46299"
"Noord-Nederland (LD)";"Leerlingen/deelnemers/studenten";"2013/'14";"Mbo bbl";"aantal";"13218"
"Noord-Nederland (LD)";"Leerlingen/deelnemers/studenten";"2013/'14";"Assistentopleiding (niveau 1)";"aantal";"2046"
"Noord-Nederland (LD)";"Leerlingen/deelnemers/studenten";"2013/'14";"Basisberoepsopleiding (niveau 2)";"aantal";"12857"
"Noord-Nederland (LD)";"Leerlingen/deelnemers/studenten";"2013/'14";"Vakopleiding (niveau 3)";"aantal";"16015"
"Noord-Nederland (LD)";"Leerlingen/deelnemers/studenten";"2013/'14";"Middenkaderopleiding (niveau 4a)";"aantal";"28560"
"Noord-Nederland (LD)";"Leerlingen/deelnemers/studenten";"2013/'14";"Specialistenopleiding (niveau 4b)";"aantal";"39"
"Noord-Nederland (LD)";"Leerlingen/deelnemers/studenten";"2013/'14";"Hoger beroepsonderwijs";"aantal";"49775"
"Noord-Nederland (LD)";"Leerlingen/deelnemers/studenten";"2013/'14";"Wetenschappelijk onderwijs";"aantal";"25352"
"Noord-Nederland (LD)";"Leerlingen/deelnemers/studenten";"2014/'15";"Totaal voortgezet onderwijs";"aantal";"101765"
"Noord-Nederland (LD)";"Leerlingen/deelnemers/studenten";"2014/'15";"Vo algemene leerjaren 1-3";"aantal";"42857"
"Noord-Nederland (LD)";"Leerlingen/deelnemers/studenten";"2014/'15";"Vwo 3-6";"aantal";"13860"
"Noord-Nederland (LD)";"Leerlingen/deelnemers/studenten";"2014/'15";"Havo 3-5";"aantal";"15616"
"Noord-Nederland (LD)";"Leerlingen/deelnemers/studenten";"2014/'15";"Vmbo theoretische-gemengde leerweg 3-4";"aantal";"13235"
"Noord-Nederland (LD)";"Leerlingen/deelnemers/studenten";"2014/'15";"Vmbo basis-kaderberoeps 3-4";"aantal";"12442"
"Noord-Nederland (LD)";"Leerlingen/deelnemers/studenten";"2014/'15";"Praktijkonderwijs";"aantal";"3755"
"Noord-Nederland (LD)";"Leerlingen/deelnemers/studenten";"2014/'15";"Vavo";"aantal";"982"
"Noord-Nederland (LD)";"Leerlingen/deelnemers/studenten";"2014/'15";"Totaal middelbaar beroepsonderwijs";"aantal";"58181"
"Noord-Nederland (LD)";"Leerlingen/deelnemers/studenten";"2014/'15";"Mbo bol";"aantal";"47329"
"Noord-Nederland (LD)";"Leerlingen/deelnemers/studenten";"2014/'15";"Mbo bbl";"aantal";"10852"
"Noord-Nederland (LD)";"Leerlingen/deelnemers/studenten";"2014/'15";"Assistentopleiding (niveau 1)";"aantal";"1544"
"Noord-Nederland (LD)";"Leerlingen/deelnemers/studenten";"2014/'15";"Basisberoepsopleiding (niveau 2)";"aantal";"11776"
"Noord-Nederland (LD)";"Leerlingen/deelnemers/studenten";"2014/'15";"Vakopleiding (niveau 3)";"aantal";"15546"
"Noord-Nederland (LD)";"Leerlingen/deelnemers/studenten";"2014/'15";"Middenkaderopleiding (niveau 4a)";"aantal";"29304"
"Noord-Nederland (LD)";"Leerlingen/deelnemers/studenten";"2014/'15";"Specialistenopleiding (niveau 4b)";"aantal";"11"
"Noord-Nederland (LD)";"Leerlingen/deelnemers/studenten";"2014/'15";"Hoger beroepsonderwijs";"aantal";"50281"
"Noord-Nederland (LD)";"Leerlingen/deelnemers/studenten";"2014/'15";"Wetenschappelijk onderwijs";"aantal";"25588"
"Noord-Nederland (LD)";"Leerlingen/deelnemers/studenten";"2015/'16";"Totaal voortgezet onderwijs";"aantal";"102423"
"Noord-Nederland (LD)";"Leerlingen/deelnemers/studenten";"2015/'16";"Vo algemene leerjaren 1-3";"aantal";"42939"
"Noord-Nederland (LD)";"Leerlingen/deelnemers/studenten";"2015/'16";"Vwo 3-6";"aantal";"14194"
"Noord-Nederland (LD)";"Leerlingen/deelnemers/studenten";"2015/'16";"Havo 3-5";"aantal";"15776"
"Noord-Nederland (LD)";"Leerlingen/deelnemers/studenten";"2015/'16";"Vmbo theoretische-gemengde leerweg 3-4";"aantal";"13329"
"Noord-Nederland (LD)";"Leerlingen/deelnemers/studenten";"2015/'16";"Vmbo basis-kaderberoeps 3-4";"aantal";"12399"
"Noord-Nederland (LD)";"Leerlingen/deelnemers/studenten";"2015/'16";"Praktijkonderwijs";"aantal";"3786"
"Noord-Nederland (LD)";"Leerlingen/deelnemers/studenten";"2015/'16";"Vavo";"aantal";"1166"
"Noord-Nederland (LD)";"Leerlingen/deelnemers/studenten";"2015/'16";"Totaal middelbaar beroepsonderwijs";"aantal";"58334"
"Noord-Nederland (LD)";"Leerlingen/deelnemers/studenten";"2015/'16";"Mbo bol";"aantal";"47877"
"Noord-Nederland (LD)";"Leerlingen/deelnemers/studenten";"2015/'16";"Mbo bbl";"aantal";"10457"
"Noord-Nederland (LD)";"Leerlingen/deelnemers/studenten";"2015/'16";"Assistentopleiding (niveau 1)";"aantal";"1402"
"Noord-Nederland (LD)";"Leerlingen/deelnemers/studenten";"2015/'16";"Basisberoepsopleiding (niveau 2)";"aantal";"11134"
"Noord-Nederland (LD)";"Leerlingen/deelnemers/studenten";"2015/'16";"Vakopleiding (niveau 3)";"aantal";"15693"
"Noord-Nederland (LD)";"Leerlingen/deelnemers/studenten";"2015/'16";"Middenkaderopleiding (niveau 4a)";"aantal";"30100"
"Noord-Nederland (LD)";"Leerlingen/deelnemers/studenten";"2015/'16";"Specialistenopleiding (niveau 4b)";"aantal";"5"
"Noord-Nederland (LD)";"Leerlingen/deelnemers/studenten";"2015/'16";"Hoger beroepsonderwijs";"aantal";"49846"
"Noord-Nederland (LD)";"Leerlingen/deelnemers/studenten";"2015/'16";"Wetenschappelijk onderwijs";"aantal";"24881"
"Noord-Nederland (LD)";"Leerlingen/deelnemers/studenten";"2016/'17";"Totaal voortgezet onderwijs";"aantal";"101519"
"Noord-Nederland (LD)";"Leerlingen/deelnemers/studenten";"2016/'17";"Vo algemene leerjaren 1-3";"aantal";"42036"
"Noord-Nederland (LD)";"Leerlingen/deelnemers/studenten";"2016/'17";"Vwo 3-6";"aantal";"14599"
"Noord-Nederland (LD)";"Leerlingen/deelnemers/studenten";"2016/'17";"Havo 3-5";"aantal";"15945"
"Noord-Nederland (LD)";"Leerlingen/deelnemers/studenten";"2016/'17";"Vmbo theoretische-gemengde leerweg 3-4";"aantal";"13084"
"Noord-Nederland (LD)";"Leerlingen/deelnemers/studenten";"2016/'17";"Vmbo basis-kaderberoeps 3-4";"aantal";"12116"
"Noord-Nederland (LD)";"Leerlingen/deelnemers/studenten";"2016/'17";"Praktijkonderwijs";"aantal";"3739"
"Noord-Nederland (LD)";"Leerlingen/deelnemers/studenten";"2016/'17";"Vavo";"aantal";"1256"
"Noord-Nederland (LD)";"Leerlingen/deelnemers/studenten";"2016/'17";"Totaal middelbaar beroepsonderwijs";"aantal";"59848"
"Noord-Nederland (LD)";"Leerlingen/deelnemers/studenten";"2016/'17";"Mbo bol";"aantal";"48698"
"Noord-Nederland (LD)";"Leerlingen/deelnemers/studenten";"2016/'17";"Mbo bbl";"aantal";"11150"
"Noord-Nederland (LD)";"Leerlingen/deelnemers/studenten";"2016/'17";"Assistentopleiding (niveau 1)";"aantal";"1441"
"Noord-Nederland (LD)";"Leerlingen/deelnemers/studenten";"2016/'17";"Basisberoepsopleiding (niveau 2)";"aantal";"10485"
"Noord-Nederland (LD)";"Leerlingen/deelnemers/studenten";"2016/'17";"Vakopleiding (niveau 3)";"aantal";"16149"
"Noord-Nederland (LD)";"Leerlingen/deelnemers/studenten";"2016/'17";"Middenkaderopleiding (niveau 4a)";"aantal";"31771"
"Noord-Nederland (LD)";"Leerlingen/deelnemers/studenten";"2016/'17";"Specialistenopleiding (niveau 4b)";"aantal";"2"
"Noord-Nederland (LD)";"Leerlingen/deelnemers/studenten";"2016/'17";"Hoger beroepsonderwijs";"aantal";"50377"
"Noord-Nederland (LD)";"Leerlingen/deelnemers/studenten";"2016/'17";"Wetenschappelijk onderwijs";"aantal";"24855"
"Noord-Nederland (LD)";"Leerlingen/deelnemers/studenten";"2017/'18";"Totaal voortgezet onderwijs";"aantal";"99973"
"Noord-Nederland (LD)";"Leerlingen/deelnemers/studenten";"2017/'18";"Vo algemene leerjaren 1-3";"aantal";"40581"
"Noord-Nederland (LD)";"Leerlingen/deelnemers/studenten";"2017/'18";"Vwo 3-6";"aantal";"14736"
"Noord-Nederland (LD)";"Leerlingen/deelnemers/studenten";"2017/'18";"Havo 3-5";"aantal";"16314"
"Noord-Nederland (LD)";"Leerlingen/deelnemers/studenten";"2017/'18";"Vmbo theoretische-gemengde leerweg 3-4";"aantal";"12846"
"Noord-Nederland (LD)";"Leerlingen/deelnemers/studenten";"2017/'18";"Vmbo basis-kaderberoeps 3-4";"aantal";"11785"
"Noord-Nederland (LD)";"Leerlingen/deelnemers/studenten";"2017/'18";"Praktijkonderwijs";"aantal";"3711"
"Noord-Nederland (LD)";"Leerlingen/deelnemers/studenten";"2017/'18";"Vavo";"aantal";"1312"
"Noord-Nederland (LD)";"Leerlingen/deelnemers/studenten";"2017/'18";"Totaal middelbaar beroepsonderwijs";"aantal";"60372"
"Noord-Nederland (LD)";"Leerlingen/deelnemers/studenten";"2017/'18";"Mbo bol";"aantal";"47940"
"Noord-Nederland (LD)";"Leerlingen/deelnemers/studenten";"2017/'18";"Mbo bbl";"aantal";"12432"
"Noord-Nederland (LD)";"Leerlingen/deelnemers/studenten";"2017/'18";"Assistentopleiding (niveau 1)";"aantal";"1571"
"Noord-Nederland (LD)";"Leerlingen/deelnemers/studenten";"2017/'18";"Basisberoepsopleiding (niveau 2)";"aantal";"10136"
"Noord-Nederland (LD)";"Leerlingen/deelnemers/studenten";"2017/'18";"Vakopleiding (niveau 3)";"aantal";"16399"
"Noord-Nederland (LD)";"Leerlingen/deelnemers/studenten";"2017/'18";"Middenkaderopleiding (niveau 4a)";"aantal";"32255"
"Noord-Nederland (LD)";"Leerlingen/deelnemers/studenten";"2017/'18";"Specialistenopleiding (niveau 4b)";"aantal";"11"
"Noord-Nederland (LD)";"Leerlingen/deelnemers/studenten";"2017/'18";"Hoger beroepsonderwijs";"aantal";"50995"
"Noord-Nederland (LD)";"Leerlingen/deelnemers/studenten";"2017/'18";"Wetenschappelijk onderwijs";"aantal";"24993"
"Noord-Nederland (LD)";"Leerlingen/deelnemers/studenten";"2018/'19";"Totaal voortgezet onderwijs";"aantal";"97115"
"Noord-Nederland (LD)";"Leerlingen/deelnemers/studenten";"2018/'19";"Vo algemene leerjaren 1-3";"aantal";"38857"
"Noord-Nederland (LD)";"Leerlingen/deelnemers/studenten";"2018/'19";"Vwo 3-6";"aantal";"14726"
"Noord-Nederland (LD)";"Leerlingen/deelnemers/studenten";"2018/'19";"Havo 3-5";"aantal";"16131"
"Noord-Nederland (LD)";"Leerlingen/deelnemers/studenten";"2018/'19";"Vmbo theoretische-gemengde leerweg 3-4";"aantal";"12369"
"Noord-Nederland (LD)";"Leerlingen/deelnemers/studenten";"2018/'19";"Vmbo basis-kaderberoeps 3-4";"aantal";"11363"
"Noord-Nederland (LD)";"Leerlingen/deelnemers/studenten";"2018/'19";"Praktijkonderwijs";"aantal";"3669"
"Noord-Nederland (LD)";"Leerlingen/deelnemers/studenten";"2018/'19";"Vavo";"aantal";"1425"
"Noord-Nederland (LD)";"Leerlingen/deelnemers/studenten";"2018/'19";"Totaal middelbaar beroepsonderwijs";"aantal";"61802"
"Noord-Nederland (LD)";"Leerlingen/deelnemers/studenten";"2018/'19";"Mbo bol";"aantal";"47801"
"Noord-Nederland (LD)";"Leerlingen/deelnemers/studenten";"2018/'19";"Mbo bbl";"aantal";"14001"
"Noord-Nederland (LD)";"Leerlingen/deelnemers/studenten";"2018/'19";"Assistentopleiding (niveau 1)";"aantal";"1930"
"Noord-Nederland (LD)";"Leerlingen/deelnemers/studenten";"2018/'19";"Basisberoepsopleiding (niveau 2)";"aantal";"10037"
"Noord-Nederland (LD)";"Leerlingen/deelnemers/studenten";"2018/'19";"Vakopleiding (niveau 3)";"aantal";"16008"
"Noord-Nederland (LD)";"Leerlingen/deelnemers/studenten";"2018/'19";"Middenkaderopleiding (niveau 4a)";"aantal";"33821"
"Noord-Nederland (LD)";"Leerlingen/deelnemers/studenten";"2018/'19";"Specialistenopleiding (niveau 4b)";"aantal";"6"
"Noord-Nederland (LD)";"Leerlingen/deelnemers/studenten";"2018/'19";"Hoger beroepsonderwijs";"aantal";"52075"
"Noord-Nederland (LD)";"Leerlingen/deelnemers/studenten";"2018/'19";"Wetenschappelijk onderwijs";"aantal";"27371"
"Noord-Nederland (LD)";"Leerlingen/deelnemers/studenten";"2019/'20";"Totaal voortgezet onderwijs";"aantal";"94187"
"Noord-Nederland (LD)";"Leerlingen/deelnemers/studenten";"2019/'20";"Vo algemene leerjaren 1-3";"aantal";"37963"
"Noord-Nederland (LD)";"Leerlingen/deelnemers/studenten";"2019/'20";"Vwo 3-6";"aantal";"14462"
"Noord-Nederland (LD)";"Leerlingen/deelnemers/studenten";"2019/'20";"Havo 3-5";"aantal";"15748"
"Noord-Nederland (LD)";"Leerlingen/deelnemers/studenten";"2019/'20";"Vmbo theoretische-gemengde leerweg 3-4";"aantal";"11630"
"Noord-Nederland (LD)";"Leerlingen/deelnemers/studenten";"2019/'20";"Vmbo basis-kaderberoeps 3-4";"aantal";"10697"
"Noord-Nederland (LD)";"Leerlingen/deelnemers/studenten";"2019/'20";"Praktijkonderwijs";"aantal";"3687"
"Noord-Nederland (LD)";"Leerlingen/deelnemers/studenten";"2019/'20";"Vavo";"aantal";"1317"
"Noord-Nederland (LD)";"Leerlingen/deelnemers/studenten";"2019/'20";"Totaal middelbaar beroepsonderwijs";"aantal";"62127"
"Noord-Nederland (LD)";"Leerlingen/deelnemers/studenten";"2019/'20";"Mbo bol";"aantal";"47176"
"Noord-Nederland (LD)";"Leerlingen/deelnemers/studenten";"2019/'20";"Mbo bbl";"aantal";"14951"
"Noord-Nederland (LD)";"Leerlingen/deelnemers/studenten";"2019/'20";"Assistentopleiding (niveau 1)";"aantal";"2058"
"Noord-Nederland (LD)";"Leerlingen/deelnemers/studenten";"2019/'20";"Basisberoepsopleiding (niveau 2)";"aantal";"9907"
"Noord-Nederland (LD)";"Leerlingen/deelnemers/studenten";"2019/'20";"Vakopleiding (niveau 3)";"aantal";"15898"
"Noord-Nederland (LD)";"Leerlingen/deelnemers/studenten";"2019/'20";"Middenkaderopleiding (niveau 4a)";"aantal";"34253"
"Noord-Nederland (LD)";"Leerlingen/deelnemers/studenten";"2019/'20";"Specialistenopleiding (niveau 4b)";"aantal";"11"
"Noord-Nederland (LD)";"Leerlingen/deelnemers/studenten";"2019/'20";"Hoger beroepsonderwijs";"aantal";"53350"
"Noord-Nederland (LD)";"Leerlingen/deelnemers/studenten";"2019/'20";"Wetenschappelijk onderwijs";"aantal";"28688"
"Noord-Nederland (LD)";"Leerlingen/deelnemers/studenten";"2020/'21*";"Totaal voortgezet onderwijs";"aantal";"91501"
"Noord-Nederland (LD)";"Leerlingen/deelnemers/studenten";"2020/'21*";"Vo algemene leerjaren 1-3";"aantal";"37378"
"Noord-Nederland (LD)";"Leerlingen/deelnemers/studenten";"2020/'21*";"Vwo 3-6";"aantal";"14287"
"Noord-Nederland (LD)";"Leerlingen/deelnemers/studenten";"2020/'21*";"Havo 3-5";"aantal";"15392"
"Noord-Nederland (LD)";"Leerlingen/deelnemers/studenten";"2020/'21*";"Vmbo theoretische-gemengde leerweg 3-4";"aantal";"10800"
"Noord-Nederland (LD)";"Leerlingen/deelnemers/studenten";"2020/'21*";"Vmbo basis-kaderberoeps 3-4";"aantal";"9913"
"Noord-Nederland (LD)";"Leerlingen/deelnemers/studenten";"2020/'21*";"Praktijkonderwijs";"aantal";"3731"
"Noord-Nederland (LD)";"Leerlingen/deelnemers/studenten";"2020/'21*";"Vavo";"aantal";"782"
"Noord-Nederland (LD)";"Leerlingen/deelnemers/studenten";"2020/'21*";"Totaal middelbaar beroepsonderwijs";"aantal";"62366"
"Noord-Nederland (LD)";"Leerlingen/deelnemers/studenten";"2020/'21*";"Mbo bol";"aantal";"47674"
"Noord-Nederland (LD)";"Leerlingen/deelnemers/studenten";"2020/'21*";"Mbo bbl";"aantal";"14692"
"Noord-Nederland (LD)";"Leerlingen/deelnemers/studenten";"2020/'21*";"Assistentopleiding (niveau 1)";"aantal";"1937"
"Noord-Nederland (LD)";"Leerlingen/deelnemers/studenten";"2020/'21*";"Basisberoepsopleiding (niveau 2)";"aantal";"9982"
"Noord-Nederland (LD)";"Leerlingen/deelnemers/studenten";"2020/'21*";"Vakopleiding (niveau 3)";"aantal";"15352"
"Noord-Nederland (LD)";"Leerlingen/deelnemers/studenten";"2020/'21*";"Middenkaderopleiding (niveau 4a)";"aantal";"34766"
"Noord-Nederland (LD)";"Leerlingen/deelnemers/studenten";"2020/'21*";"Specialistenopleiding (niveau 4b)";"aantal";"329"
"Noord-Nederland (LD)";"Leerlingen/deelnemers/studenten";"2020/'21*";"Hoger beroepsonderwijs";"aantal";"55531"
"Noord-Nederland (LD)";"Leerlingen/deelnemers/studenten";"2020/'21*";"Wetenschappelijk onderwijs";"aantal";"29696"
"Bron: CBS"
